"route_id","length_km","travel_min","abs_err_min","pct_err","pop_covered","route_wkt","start_lat","start_lon","end_lat","end_lon","wp1_lat","wp1_lon","wp2_lat","wp2_lon","wp3_lat","wp3_lon","wp4_lat","wp4_lon","wp5_lat","wp5_lon","wp6_lat","wp6_lon","wp7_lat","wp7_lon","wp8_lat","wp8_lon","wp9_lat","wp9_lon"
1,3.127,6.25,5.661,90.53,88,"LINESTRING (44.51884 40.15465, 44.51869 40.15466, 44.51772 40.15471, 44.5167 40.15477, 44.51659 40.15478, 44.51557 40.15483, 44.51552 40.15484, 44.5147 40.15489, 44.5146 40.15489, 44.51454 40.15489, 44.5144 40.1549, 44.51432 40.1549, 44.51332 40.15496, 44.51283 40.15499, 44.51217 40.15502, 44.51197 40.15503, 44.51144 40.15507, 44.51122 40.15507, 44.51097 40.15508, 44.51081 40.15509, 44.51073 40.1551, 44.51038 40.15512, 44.51044 40.15556, 44.51049 40.15573, 44.51052 40.15583, 44.51099 40.15715, 44.51122 40.15779, 44.51125 40.15789, 44.51151 40.1586, 44.5119 40.15967, 44.51205 40.16005, 44.51211 40.1602, 44.51214 40.16032, 44.5127 40.16191, 44.51289 40.16237, 44.51293 40.16248, 44.51294 40.16266, 44.51294 40.16268, 44.51298 40.16312, 44.513 40.16341, 44.51302 40.16354, 44.51315 40.16496, 44.51316 40.16511, 44.51327 40.16514, 44.51346 40.16518, 44.51445 40.16541, 44.51503 40.16554, 44.51514 40.16557, 44.51519 40.16559, 44.51533 40.16563, 44.51556 40.16568, 44.51599 40.16577, 44.51634 40.16586, 44.51694 40.166, 44.51724 40.16607, 44.51733 40.16609, 44.51779 40.1662, 44.51787 40.16621, 44.51839 40.16634, 44.51848 40.16636, 44.51967 40.16664, 44.51978 40.16666, 44.52102 40.16697, 44.52116 40.167, 44.52226 40.16726, 44.52239 40.16729, 44.52237 40.1674, 44.52233 40.1676, 44.52221 40.1683, 44.52216 40.16862, 44.52214 40.16871, 44.52211 40.1689, 44.52205 40.16931, 44.52202 40.16948, 44.52195 40.16993, 44.52181 40.17098, 44.52177 40.17125)",40.154646,44.51884,40.171254,44.521769,40.154858,44.515179,40.155062,44.511518,40.157008,44.51094,40.159722,44.511922,40.162434,44.512914,40.165148,44.51333,40.165973,44.51684,40.166802,44.520349,40.168456,44.522184
2,3.178,6.36,5.708,89.8,89,"LINESTRING (44.50896 40.18193, 44.50901 40.18198, 44.50952 40.1824, 44.50958 40.18246, 44.51011 40.18288, 44.5111 40.18369, 44.51119 40.18376, 44.51131 40.18387, 44.51228 40.18468, 44.51234 40.18473, 44.51245 40.18482, 44.51302 40.1853, 44.51307 40.18534, 44.51321 40.18546, 44.51337 40.18559, 44.51403 40.18615, 44.51482 40.18681, 44.51485 40.18683, 44.51488 40.18686, 44.51512 40.18706, 44.51519 40.18711, 44.51535 40.18723, 44.51561 40.18749, 44.51566 40.18754, 44.51598 40.18781, 44.51633 40.18811, 44.51647 40.18823, 44.51663 40.18837, 44.51738 40.189, 44.51751 40.1891, 44.51762 40.1892, 44.51791 40.18943, 44.51817 40.18965, 44.51868 40.19008, 44.51881 40.19019, 44.51903 40.19035, 44.51917 40.19043, 44.51934 40.19048, 44.51949 40.19048, 44.51966 40.19043, 44.51991 40.19035, 44.52003 40.19031, 44.52042 40.19016, 44.52062 40.19008, 44.52076 40.19003, 44.52102 40.18991, 44.52152 40.18967, 44.52195 40.18947, 44.52206 40.18941, 44.52222 40.18933, 44.52242 40.18923, 44.52255 40.18914, 44.52303 40.18883, 44.52381 40.18829, 44.52398 40.18817, 44.52412 40.18807, 44.52422 40.18816, 44.52453 40.18844, 44.52505 40.18888, 44.52572 40.18945, 44.52588 40.18959, 44.52642 40.19005, 44.52645 40.19008, 44.52651 40.19013, 44.52654 40.19016, 44.52758 40.19104, 44.52778 40.19122, 44.52788 40.19129, 44.52798 40.19136, 44.52803 40.19134, 44.52807 40.19134, 44.52812 40.19133, 44.52817 40.19133, 44.52822 40.19133, 44.52826 40.19134, 44.52831 40.19136, 44.52835 40.19137, 44.52839 40.19139, 44.52843 40.19142, 44.52846 40.19145, 44.52858 40.19136, 44.52875 40.19124, 44.52894 40.1911, 44.52896 40.19107, 44.52901 40.19102, 44.52906 40.19097, 44.52909 40.19093, 44.52914 40.19082, 44.52917 40.19071, 44.52918 40.19054, 44.52917 40.19037, 44.52894 40.19012, 44.52864 40.18979, 44.52807 40.18915, 44.52801 40.18909, 44.52781 40.1889, 44.52739 40.1885, 44.52717 40.18831, 44.52713 40.18827, 44.52638 40.18754, 44.5262 40.18727, 44.52612 40.18713, 44.52605 40.187, 44.52603 40.18687, 44.52604 40.18672, 44.52607 40.18659, 44.5261 40.18651, 44.52618 40.18637, 44.5264 40.18609, 44.52648 40.18599, 44.52664 40.18568, 44.52666 40.18556, 44.52664 40.18528, 44.52654 40.18488)",40.181932,44.508956,40.184882,44.526536,40.184027,44.511501,40.186141,44.514017,40.188268,44.516513,40.190365,44.519054,40.189273,44.522332,40.188851,44.525017,40.190983,44.527509,40.189835,44.52868,40.187567,44.526405
3,3.07,6.14,5.61,91.38,49,"LINESTRING (44.52654 40.18488, 44.52664 40.18528, 44.52666 40.18556, 44.52664 40.18568, 44.52648 40.18599, 44.5264 40.18609, 44.52618 40.18637, 44.5261 40.18651, 44.52607 40.18659, 44.52604 40.18672, 44.52603 40.18687, 44.52605 40.187, 44.52612 40.18713, 44.5262 40.18727, 44.52638 40.18754, 44.52713 40.18827, 44.52717 40.18831, 44.52739 40.1885, 44.52781 40.1889, 44.52801 40.18909, 44.52807 40.18915, 44.52864 40.18979, 44.52894 40.19012, 44.52917 40.19037, 44.52918 40.19054, 44.52917 40.19071, 44.52914 40.19082, 44.52909 40.19093, 44.52906 40.19097, 44.52901 40.19102, 44.52896 40.19107, 44.52894 40.1911, 44.52875 40.19124, 44.52858 40.19136, 44.52846 40.19145, 44.52849 40.19148, 44.52851 40.19151, 44.52853 40.19155, 44.52854 40.19159, 44.52854 40.19163, 44.52852 40.19173, 44.52849 40.19178, 44.52864 40.19176, 44.5291 40.19173, 44.52887 40.19181, 44.52873 40.19191, 44.52857 40.19203, 44.5285 40.19208, 44.52841 40.19214, 44.52831 40.19218, 44.52819 40.1922, 44.5281 40.1922, 44.52791 40.19217, 44.52768 40.19209, 44.52744 40.19202, 44.52728 40.19201, 44.52711 40.19204, 44.52687 40.19213, 44.52677 40.19216, 44.52661 40.19224, 44.5264 40.19236, 44.52626 40.19246, 44.52614 40.19275, 44.5261 40.19303, 44.52608 40.19334, 44.52606 40.1935, 44.52602 40.19357, 44.52596 40.19364, 44.52584 40.1937, 44.5257 40.19372, 44.52546 40.1937, 44.52502 40.19365, 44.52462 40.1936, 44.52391 40.1935, 44.52319 40.19335, 44.52248 40.19321, 44.52219 40.19316, 44.5219 40.19312, 44.52161 40.19312, 44.52132 40.19315, 44.52103 40.19318, 44.51966 40.19351, 44.51961 40.19352, 44.51891 40.19371, 44.51859 40.19381, 44.5183 40.19392, 44.51791 40.19407, 44.51704 40.19439, 44.51675 40.19451, 44.51663 40.19458, 44.51641 40.19478, 44.51631 40.19492, 44.51626 40.19506, 44.51623 40.19519, 44.51627 40.19545, 44.51656 40.1957, 44.5166 40.19573, 44.51667 40.1958, 44.51676 40.19588, 44.51685 40.19597, 44.51703 40.19616, 44.51707 40.1962, 44.51773 40.19689, 44.51774 40.1969, 44.51956 40.19882, 44.51957 40.19883, 44.51959 40.19885, 44.51983 40.19911, 44.52013 40.19943, 44.52016 40.19946, 44.52026 40.19957, 44.52066 40.19998, 44.52155 40.20092, 44.52167 40.20104)",40.184882,44.526536,40.201044,44.521668,40.187484,44.52634,40.189674,44.528535,40.191748,44.52886,40.19254,44.526228,40.193499,44.523883,40.193338,44.520375,40.194391,44.517049,40.196572,44.517424,40.198807,44.519548
4,3.191,6.38,5.719,89.62,79,"LINESTRING (44.52654 40.18488, 44.52653 40.18485, 44.52647 40.18467, 44.52639 40.18449, 44.52608 40.18396, 44.5258 40.18349, 44.52563 40.18326, 44.52539 40.18306, 44.5251 40.1829, 44.52477 40.18277, 44.52463 40.18269, 44.52449 40.18258, 44.52426 40.18238, 44.52418 40.18223, 44.52413 40.18211, 44.52408 40.18199, 44.52406 40.18189, 44.52392 40.1807, 44.52384 40.18035, 44.52381 40.18024, 44.52347 40.17958, 44.52334 40.1792, 44.52313 40.17875, 44.52291 40.17835, 44.52283 40.17817, 44.52275 40.17803, 44.52251 40.17757, 44.52241 40.17743, 44.52208 40.17692, 44.52179 40.17654, 44.52174 40.17647, 44.5215 40.17619, 44.52135 40.17604, 44.52102 40.17571, 44.52091 40.17561, 44.52073 40.17545, 44.52067 40.1754, 44.52061 40.17534, 44.52026 40.17504, 44.52014 40.17496, 44.51999 40.17486, 44.51947 40.17451, 44.5192 40.17436, 44.51888 40.17422, 44.51852 40.17409, 44.51819 40.17398, 44.51772 40.17386, 44.51766 40.17384, 44.51749 40.1738, 44.517 40.1737, 44.5168 40.17367, 44.51658 40.17363, 44.51646 40.17361, 44.51611 40.17356, 44.51608 40.17356, 44.51601 40.17354, 44.51548 40.17347, 44.51514 40.17344, 44.51492 40.17343, 44.51417 40.17342, 44.51386 40.17337, 44.51365 40.17333, 44.51347 40.17328, 44.51315 40.17315, 44.51161 40.17246, 44.51146 40.1724, 44.51112 40.17225, 44.5108 40.17211, 44.5105 40.17199, 44.51024 40.17187, 44.50996 40.17175, 44.50988 40.17172, 44.50939 40.17151, 44.50912 40.17139, 44.50899 40.17134, 44.50895 40.17132, 44.50879 40.17129, 44.50863 40.17128, 44.50847 40.17131, 44.50831 40.17138, 44.50824 40.17145, 44.50809 40.17164, 44.5079 40.17187, 44.50774 40.17208, 44.50759 40.17225, 44.50706 40.17292, 44.50668 40.1734, 44.50642 40.17372, 44.50639 40.17377, 44.50616 40.17405, 44.50603 40.17421, 44.50599 40.17426, 44.50597 40.17429, 44.50589 40.17439, 44.50575 40.17456, 44.50563 40.1747, 44.50549 40.17486, 44.50535 40.17503, 44.50518 40.17523, 44.50464 40.17589, 44.50457 40.17596, 44.50451 40.17603, 44.5043 40.17628, 44.50397 40.17669, 44.50366 40.17706, 44.50364 40.17709, 44.50344 40.17736, 44.50336 40.17744, 44.50322 40.17761)",40.184882,44.526536,40.177608,44.503218,40.182589,44.5245,40.17985,44.523608,40.177177,44.522249,40.174886,44.520021,40.173649,44.516703,40.173107,44.513063,40.171688,44.509804,40.172741,44.507204,40.175181,44.505224
5,3.319,6.64,5.832,87.87,53,"LINESTRING (44.46062 40.18324, 44.4606 40.18316, 44.46038 40.18252, 44.46011 40.18173, 44.45988 40.18103, 44.45972 40.18056, 44.45969 40.18049, 44.4595 40.1799, 44.45939 40.1796, 44.45926 40.1792, 44.45915 40.17886, 44.45887 40.17805, 44.45884 40.17794, 44.45879 40.1778, 44.45876 40.17773, 44.45828 40.17634, 44.4582 40.17609, 44.45794 40.17533, 44.45787 40.17512, 44.4578 40.1749, 44.45766 40.17447, 44.45765 40.17436, 44.45757 40.17413, 44.45751 40.17395, 44.45737 40.17398, 44.45726 40.174, 44.45719 40.17401, 44.45452 40.17453, 44.45379 40.17462, 44.45287 40.17468, 44.45274 40.17469, 44.45265 40.17464, 44.4526 40.17462, 44.45252 40.17462, 44.45247 40.17462, 44.45237 40.17462, 44.45168 40.17462, 44.45139 40.1746, 44.4507 40.17454, 44.44995 40.17446, 44.44989 40.17445, 44.44958 40.17441, 44.4481 40.17424, 44.447 40.17411, 44.44675 40.17408, 44.44646 40.17405, 44.44637 40.17404, 44.44621 40.17401, 44.44617 40.17395, 44.4461 40.1739, 44.44602 40.17386, 44.44594 40.17384, 44.44584 40.17383, 44.44575 40.17384, 44.44567 40.17387, 44.44561 40.17391, 44.44556 40.17395, 44.44524 40.17393, 44.44495 40.1739, 44.44396 40.17381, 44.4439 40.17381, 44.44335 40.17375, 44.44311 40.17372, 44.44271 40.17368, 44.44253 40.17366, 44.44168 40.17356, 44.44165 40.17356, 44.44072 40.17346, 44.44016 40.17339, 44.44013 40.17339, 44.43958 40.17334, 44.4384 40.17321, 44.43817 40.17318, 44.43797 40.17317, 44.43795 40.17316, 44.43793 40.17315, 44.43791 40.17315, 44.43788 40.17315, 44.43785 40.17315, 44.43783 40.17316, 44.43781 40.17318, 44.43779 40.17319, 44.43778 40.17321, 44.43768 40.17308, 44.43762 40.17303, 44.43755 40.17291, 44.43746 40.17277, 44.43725 40.17246, 44.43712 40.17224, 44.43709 40.17218, 44.437 40.17202, 44.43695 40.17193, 44.43691 40.17183, 44.4369 40.1718, 44.43684 40.17162, 44.43683 40.17158, 44.43681 40.17153, 44.4368 40.17148, 44.43681 40.17144, 44.43693 40.17118, 44.43702 40.17098, 44.43706 40.1709, 44.43716 40.17067, 44.43724 40.17052, 44.4373 40.1704, 44.43742 40.17017, 44.43754 40.16989, 44.43759 40.16979, 44.43779 40.1696, 44.43767 40.16993, 44.43762 40.17004, 44.43752 40.17025, 44.43741 40.17044)",40.183237,44.460624,40.170442,44.43741,40.180344,44.459645,40.17745,44.458667,40.174556,44.457684,40.174531,44.454518,40.174537,44.450664,40.174089,44.44681,40.173719,44.443086,40.173297,44.439228,40.171541,44.436813
6,3.112,6.22,5.648,90.75,34,"LINESTRING (44.5974 40.188, 44.59733 40.18802, 44.59712 40.18806, 44.59682 40.18813, 44.59661 40.18818, 44.59646 40.18821, 44.59624 40.18826, 44.59583 40.18835, 44.59572 40.18838, 44.59553 40.18842, 44.59543 40.18844, 44.59526 40.18848, 44.59512 40.18851, 44.59397 40.18877, 44.59389 40.18879, 44.5929 40.18901, 44.59227 40.18915, 44.5922 40.18917, 44.59128 40.18938, 44.59115 40.1894, 44.59102 40.18943, 44.59031 40.18959, 44.59022 40.18962, 44.5898 40.18968, 44.58952 40.18973, 44.58931 40.18976, 44.58883 40.18981, 44.58837 40.18981, 44.5882 40.18979, 44.58807 40.18977, 44.5876 40.18969, 44.58719 40.1896, 44.58685 40.1895, 44.58676 40.18947, 44.58671 40.18945, 44.5851 40.18874, 44.58235 40.18746, 44.58214 40.18736, 44.5816 40.18711, 44.58106 40.18687, 44.57894 40.18591, 44.57887 40.18588, 44.57884 40.18587, 44.57875 40.18583, 44.57757 40.18527, 44.57744 40.18521, 44.5773 40.18515, 44.57714 40.18509, 44.57673 40.18495, 44.57626 40.18482, 44.57592 40.18474, 44.57553 40.18468, 44.57518 40.18464, 44.5748 40.18462, 44.57427 40.18462, 44.57384 40.18466, 44.57334 40.18475, 44.57314 40.18478, 44.57268 40.18489, 44.57232 40.185, 44.57208 40.18508, 44.57165 40.18524, 44.57117 40.18551, 44.57067 40.18585, 44.57028 40.18612, 44.5699 40.18643, 44.56873 40.18745, 44.56857 40.18765, 44.56844 40.18782, 44.56824 40.18816, 44.56816 40.18834, 44.56807 40.18845, 44.56801 40.1885, 44.56795 40.18853, 44.56789 40.18855, 44.56781 40.18856, 44.56775 40.18856, 44.56769 40.18854, 44.56766 40.18852, 44.56759 40.18848, 44.56739 40.18844, 44.56727 40.18842, 44.56716 40.18841, 44.56695 40.18847, 44.56664 40.18856, 44.56642 40.18859, 44.56634 40.18859, 44.56624 40.1886, 44.56614 40.18859, 44.56603 40.18858, 44.56581 40.18852, 44.56572 40.1885, 44.56562 40.18846, 44.56552 40.18842, 44.56547 40.1884, 44.56528 40.18829)",40.188,44.597404,40.188285,44.565278,40.188786,44.593896,40.189577,44.590389,40.189495,44.586822,40.188076,44.58367,40.186636,44.580535,40.185196,44.577399,40.184654,44.573878,40.185863,44.570648,40.188009,44.568332
7,3.153,6.31,5.685,90.15,66,"LINESTRING (44.5262 40.20561, 44.52617 40.20565, 44.5259 40.20579, 44.52584 40.2058, 44.52575 40.20585, 44.52571 40.20587, 44.52511 40.20622, 44.52505 40.20623, 44.52496 40.20625, 44.52481 40.20625, 44.52472 40.20622, 44.52398 40.20627, 44.52384 40.20628, 44.52334 40.2063, 44.52306 40.20632, 44.52297 40.20633, 44.52281 40.20634, 44.52135 40.20642, 44.52053 40.20647, 44.5205 40.20647, 44.5203 40.20648, 44.52024 40.20648, 44.52007 40.20649, 44.51938 40.20653, 44.51884 40.20656, 44.51779 40.20662, 44.51647 40.20669, 44.51621 40.2067, 44.51585 40.20672, 44.51515 40.20676, 44.5147 40.20679, 44.51411 40.20682, 44.51406 40.20682, 44.51383 40.20684, 44.51378 40.20684, 44.51361 40.20685, 44.51345 40.20686, 44.51289 40.20689, 44.5117 40.20695, 44.51073 40.207, 44.51067 40.20701, 44.51049 40.20702, 44.51031 40.20703, 44.51023 40.20703, 44.50948 40.20706, 44.5093 40.20707, 44.50912 40.20706, 44.509 40.20704, 44.50882 40.207, 44.50864 40.20694, 44.50844 40.20685, 44.508 40.20667, 44.50754 40.20648, 44.50665 40.20612, 44.50593 40.20583, 44.50538 40.2056, 44.50509 40.20548, 44.5044 40.2052, 44.5035 40.20485, 44.50328 40.20476, 44.50244 40.20442, 44.50237 40.2044, 44.50218 40.20432, 44.50201 40.20425, 44.50162 40.20409, 44.5016 40.20408, 44.50049 40.20363, 44.49915 40.20308, 44.49893 40.203, 44.49884 40.20296, 44.4987 40.2029, 44.49863 40.20287, 44.49845 40.2028, 44.49808 40.20265, 44.4975 40.20241, 44.49688 40.20215, 44.49604 40.2018, 44.49562 40.20165, 44.49553 40.20162, 44.49513 40.20144, 44.49508 40.20142, 44.49468 40.20123, 44.49459 40.20118, 44.49453 40.20114, 44.49446 40.20108, 44.49441 40.20101, 44.49434 40.20092, 44.49421 40.20065, 44.49417 40.20058, 44.49414 40.20052, 44.49408 40.2004, 44.49393 40.2001, 44.49378 40.19981, 44.49344 40.19913, 44.49343 40.19911, 44.49335 40.19893)",40.20561,44.526204,40.198927,44.493348,40.206338,44.52278,40.206548,44.519085,40.206749,44.51539,40.206949,44.511694,40.206713,44.508098,40.205376,44.504829,40.20406,44.501546,40.202726,44.498275,40.201386,44.49501
8,3.346,6.69,5.856,87.51,76,"LINESTRING (44.50816 40.17134, 44.50832 40.17128, 44.5084 40.17125, 44.50846 40.17123, 44.5085 40.17122, 44.50866 40.17119, 44.50872 40.17118, 44.5088 40.17117, 44.50892 40.17118, 44.50901 40.17123, 44.50906 40.17126, 44.50909 40.17128, 44.50925 40.17135, 44.50976 40.17157, 44.51059 40.17193, 44.51151 40.17234, 44.51167 40.17241, 44.51172 40.17243, 44.51321 40.17309, 44.51346 40.17319, 44.51364 40.17325, 44.51387 40.1733, 44.51416 40.17333, 44.51461 40.17334, 44.51496 40.17336, 44.51523 40.17338, 44.5155 40.17341, 44.51637 40.17352, 44.51659 40.17355, 44.51702 40.17362, 44.51768 40.17377, 44.51822 40.1739, 44.51833 40.17394, 44.51848 40.17399, 44.51884 40.17412, 44.51927 40.1743, 44.51936 40.17435, 44.51957 40.17447, 44.51992 40.17467, 44.52017 40.17484, 44.5208 40.17539, 44.52109 40.17566, 44.52143 40.17598, 44.52159 40.17617, 44.52182 40.17645, 44.52211 40.17681, 44.52226 40.17701, 44.52254 40.1774, 44.52263 40.17755, 44.52303 40.17831, 44.52309 40.17841, 44.52339 40.17887, 44.5235 40.17906, 44.52368 40.17952, 44.52383 40.17993, 44.52392 40.18034, 44.52392 40.1807, 44.52406 40.18189, 44.52408 40.18199, 44.52413 40.18211, 44.52418 40.18223, 44.52426 40.18238, 44.52449 40.18258, 44.52463 40.18269, 44.52477 40.18277, 44.5251 40.1829, 44.52539 40.18306, 44.52563 40.18326, 44.5258 40.18349, 44.52608 40.18396, 44.52639 40.18449, 44.52647 40.18467, 44.52653 40.18485, 44.52654 40.18488, 44.52664 40.18528, 44.52666 40.18556, 44.52668 40.18569, 44.52666 40.1858, 44.52661 40.18589, 44.52652 40.18604, 44.52637 40.18622, 44.52625 40.18639, 44.52616 40.18653, 44.52613 40.18673, 44.52612 40.18687, 44.52616 40.18701, 44.52621 40.18711, 44.52628 40.18722, 44.52638 40.18733, 44.5265 40.18746, 44.52693 40.18792, 44.52711 40.18809, 44.52813 40.18909, 44.52893 40.18995, 44.52935 40.19038, 44.5295 40.19055, 44.52964 40.1907, 44.52998 40.19106, 44.53033 40.19139, 44.5306 40.19161, 44.53069 40.19166, 44.53094 40.19172, 44.53098 40.19171, 44.53108 40.1917, 44.53121 40.19164)",40.171338,44.508158,40.191638,44.531206,40.172384,44.511622,40.173379,44.515242,40.174191,44.519003,40.176325,44.521722,40.179015,44.523477,40.181979,44.524083,40.184349,44.526305,40.187207,44.526269,40.189618,44.528626
9,3.118,6.24,5.654,90.66,47,"LINESTRING (44.49775 40.14017, 44.49746 40.14038, 44.49571 40.1417, 44.49562 40.14174, 44.49546 40.14179, 44.49538 40.14178, 44.4953 40.14178, 44.49521 40.14181, 44.49514 40.14184, 44.49508 40.14189, 44.49504 40.14195, 44.49499 40.14185, 44.49492 40.14178, 44.4949 40.14177, 44.49468 40.14159, 44.49419 40.14119, 44.49386 40.14092, 44.49364 40.14073, 44.49287 40.1401, 44.49251 40.13981, 44.49239 40.13971, 44.4917 40.13914, 44.49153 40.13894, 44.49124 40.13852, 44.49115 40.13839, 44.49106 40.13824, 44.49094 40.13804, 44.49075 40.13775, 44.49064 40.13757, 44.49042 40.13721, 44.49038 40.13716, 44.49024 40.13693, 44.49004 40.13663, 44.48998 40.13652, 44.48977 40.1362, 44.48902 40.13502, 44.48896 40.13493, 44.48889 40.13487, 44.4888 40.13479, 44.48863 40.13468, 44.48855 40.13463, 44.48729 40.13383, 44.48652 40.13334, 44.48636 40.13324, 44.486 40.13302, 44.48581 40.1329, 44.48564 40.13279, 44.4835 40.13146, 44.48308 40.1312, 44.48293 40.13111, 44.48287 40.13107, 44.48238 40.13076, 44.48203 40.13054, 44.4818 40.1304, 44.48165 40.13034, 44.48148 40.13031, 44.48136 40.13036, 44.4812 40.13038, 44.48106 40.13036, 44.4809 40.13028, 44.48078 40.13016, 44.48074 40.13028, 44.48065 40.1304, 44.48058 40.13046, 44.48014 40.1308, 44.47999 40.13092, 44.47981 40.13106, 44.47849 40.13209, 44.47748 40.13287, 44.47539 40.13447, 44.47359 40.13585, 44.47284 40.13642)",40.140174,44.497747,40.136425,44.47284,40.141939,44.495035,40.139865,44.492579,40.137525,44.490614,40.135002,44.489005,40.133169,44.486247,40.131402,44.483402,40.130453,44.480587,40.132452,44.478016,40.134438,44.475428
10,3.019,6.04,5.563,92.14,34,"LINESTRING (44.53177 40.1923, 44.53214 40.19244, 44.5329 40.19264, 44.53317 40.19272, 44.53334 40.19279, 44.53353 40.19287, 44.53379 40.19301, 44.53397 40.19312, 44.5342 40.1933, 44.53424 40.19334, 44.5349 40.19389, 44.5357 40.19456, 44.53584 40.19468, 44.53596 40.19477, 44.53615 40.1949, 44.53631 40.19499, 44.53658 40.1951, 44.5368 40.19518, 44.53699 40.19523, 44.53725 40.19527, 44.5375 40.19529, 44.53768 40.19529, 44.53782 40.19528, 44.53804 40.19526, 44.53841 40.19518, 44.54086 40.1947, 44.54143 40.19461, 44.5418 40.19456, 44.54215 40.19453, 44.54251 40.19453, 44.54268 40.19453, 44.5429 40.19452, 44.54324 40.19454, 44.54345 40.19455, 44.54362 40.19457, 44.54396 40.19461, 44.54432 40.19467, 44.54481 40.19481, 44.54506 40.19488, 44.54557 40.19503, 44.54618 40.19522, 44.54644 40.19534, 44.54666 40.19544, 44.54701 40.19564, 44.5472 40.19575, 44.54731 40.19582, 44.54758 40.19599, 44.54789 40.19621, 44.5483 40.19649, 44.54837 40.19654, 44.54959 40.19742, 44.55056 40.19821, 44.55153 40.19904, 44.55231 40.19971, 44.55298 40.20027, 44.55406 40.20122, 44.55499 40.20217, 44.55504 40.20222, 44.55546 40.20266, 44.55603 40.20326, 44.55609 40.20332, 44.55622 40.20346, 44.55636 40.20361, 44.55699 40.20425, 44.55759 40.20487, 44.55817 40.20545, 44.55873 40.20604, 44.55898 40.20632)",40.192302,44.531774,40.206317,44.558982,40.193728,44.534713,40.195288,44.537481,40.194689,44.540932,40.194706,44.544437,40.19597,44.547539,40.197843,44.550109,40.199858,44.552491,40.201942,44.554766,40.204131,44.556872
11,3.085,6.17,5.623,91.15,93,"LINESTRING (44.53177 40.1923, 44.53214 40.19244, 44.53189 40.19242, 44.53157 40.19232, 44.53134 40.19221, 44.53103 40.19202, 44.53077 40.19185, 44.53059 40.19178, 44.53047 40.19175, 44.53037 40.19173, 44.53022 40.19172, 44.52928 40.19166, 44.52898 40.19164, 44.52876 40.19162, 44.52854 40.19159, 44.52853 40.19155, 44.52851 40.19151, 44.52849 40.19148, 44.52846 40.19145, 44.52843 40.19142, 44.52839 40.19139, 44.52835 40.19137, 44.52831 40.19136, 44.52826 40.19134, 44.52822 40.19133, 44.52817 40.19133, 44.52812 40.19133, 44.52807 40.19134, 44.52803 40.19134, 44.52798 40.19136, 44.52788 40.19129, 44.52778 40.19122, 44.52758 40.19104, 44.52654 40.19016, 44.52651 40.19013, 44.52645 40.19008, 44.52642 40.19005, 44.52588 40.18959, 44.52572 40.18945, 44.52505 40.18888, 44.52453 40.18844, 44.52422 40.18816, 44.5241 40.18826, 44.5239 40.1884, 44.52351 40.18867, 44.52314 40.18892, 44.52257 40.18929, 44.52252 40.18932, 44.52237 40.1894, 44.52229 40.18944, 44.52217 40.18951, 44.52175 40.1897, 44.52162 40.18977, 44.5211 40.19001, 44.52085 40.19012, 44.5207 40.19018, 44.52049 40.19026, 44.51989 40.19048, 44.51961 40.19056, 44.51936 40.19058, 44.51925 40.19056, 44.51917 40.19054, 44.51909 40.1905, 44.51895 40.19041, 44.51878 40.19028, 44.51871 40.19022, 44.51836 40.18993, 44.51774 40.18942, 44.51751 40.18924, 44.51738 40.18913, 44.51727 40.18903, 44.51711 40.1889, 44.51661 40.18848, 44.51651 40.1884, 44.51638 40.18829, 44.51633 40.18825, 44.51621 40.18814, 44.51577 40.18779, 44.51559 40.18764, 44.51556 40.18761, 44.51524 40.18737, 44.51508 40.18723, 44.51473 40.18691, 44.51395 40.18624, 44.5133 40.18569, 44.51326 40.18566, 44.51311 40.18553, 44.51297 40.18541, 44.51249 40.18501, 44.51249 40.185, 44.51225 40.1848, 44.51152 40.1842, 44.51121 40.18394, 44.51109 40.18383, 44.511 40.18376, 44.51052 40.18336, 44.51007 40.18299, 44.50985 40.1828, 44.5095 40.18251, 44.50944 40.18246, 44.50895 40.18206, 44.50886 40.18198, 44.50848 40.18167, 44.50787 40.18116, 44.50782 40.18112, 44.50768 40.181, 44.50763 40.18096, 44.50754 40.18089, 44.50677 40.18023, 44.50607 40.17962, 44.50595 40.17952)",40.192302,44.531774,40.179523,44.505952,40.191652,44.529203,40.190104,44.526482,40.18828,44.524062,40.189966,44.521196,40.189778,44.518174,40.187738,44.515713,40.185678,44.513283,40.183628,44.510838,40.181586,44.508379
12,3.067,6.13,5.607,91.41,52,"LINESTRING (44.44617 40.17428, 44.44631 40.17429, 44.44641 40.17429, 44.44694 40.17433, 44.44699 40.17433, 44.44806 40.17443, 44.44955 40.1746, 44.44966 40.17461, 44.45033 40.17468, 44.45125 40.17476, 44.45193 40.17477, 44.45235 40.17476, 44.4524 40.17476, 44.45252 40.17475, 44.4526 40.17474, 44.45264 40.17473, 44.45274 40.17469, 44.45287 40.17468, 44.45379 40.17462, 44.45452 40.17453, 44.45719 40.17401, 44.45726 40.174, 44.45737 40.17398, 44.45751 40.17395, 44.45762 40.17393, 44.45776 40.17434, 44.45779 40.17445, 44.45786 40.17466, 44.45799 40.17515, 44.45821 40.1758, 44.45838 40.17632, 44.45886 40.17765, 44.45888 40.1777, 44.4589 40.17778, 44.45895 40.17792, 44.45902 40.17813, 44.45937 40.17918, 44.45943 40.17937, 44.45982 40.18054, 44.45998 40.18102, 44.46021 40.18171, 44.46056 40.18276, 44.46058 40.18284, 44.46068 40.18314, 44.46071 40.18322, 44.46075 40.18334, 44.46086 40.18366, 44.46107 40.18429, 44.46137 40.1852, 44.46146 40.18547, 44.46152 40.18565, 44.46159 40.18586, 44.46162 40.18595, 44.46172 40.18624, 44.46176 40.18636, 44.46187 40.18762, 44.46189 40.18791, 44.46195 40.18855, 44.46198 40.1889, 44.46199 40.18899, 44.46202 40.18931, 44.46208 40.19005, 44.46209 40.19014, 44.4621 40.19018, 44.46213 40.1903, 44.46218 40.1904, 44.46224 40.19049, 44.46231 40.19056, 44.46246 40.19059, 44.46254 40.1906, 44.46283 40.19064, 44.46286 40.19064, 44.4629 40.19064, 44.46321 40.19067, 44.46376 40.19071, 44.46427 40.19074, 44.46443 40.19076)",40.17428,44.446173,40.190755,44.464432,40.174621,44.449747,40.174649,44.453319,40.174082,44.456838,40.176012,44.458278,40.178683,44.459202,40.18136,44.460093,40.184037,44.460984,40.186725,44.461791,40.189482,44.462034
13,3.02,6.04,5.564,92.13,60,"LINESTRING (44.46252 40.21007, 44.46252 40.21006, 44.46248 40.20987, 44.46245 40.2097, 44.46241 40.20954, 44.4624 40.2095, 44.46237 40.20939, 44.46233 40.20929, 44.46228 40.20924, 44.46225 40.20923, 44.46222 40.20921, 44.46219 40.20918, 44.46216 40.20914, 44.46216 40.2091, 44.46216 40.20905, 44.46219 40.20902, 44.4622 40.20899, 44.46223 40.20898, 44.46228 40.20888, 44.46229 40.20883, 44.46229 40.20874, 44.46218 40.20822, 44.46211 40.20789, 44.46201 40.20751, 44.46197 40.20731, 44.46192 40.20708, 44.4619 40.20699, 44.46182 40.20663, 44.46153 40.20536, 44.46152 40.20521, 44.4615 40.205, 44.4615 40.20494, 44.4615 40.20473, 44.4615 40.20446, 44.46156 40.20385, 44.46159 40.2036, 44.4616 40.20348, 44.46162 40.20329, 44.46165 40.20308, 44.46171 40.20261, 44.46175 40.2023, 44.46181 40.20182, 44.46184 40.20163, 44.46186 40.20145, 44.4619 40.2012, 44.46192 40.20104, 44.46196 40.20071, 44.46199 40.20052, 44.462 40.20041, 44.46201 40.20036, 44.46203 40.20024, 44.46205 40.20008, 44.4621 40.19964, 44.46215 40.19924, 44.46218 40.19892, 44.4622 40.19878, 44.4622 40.19872, 44.46234 40.19771, 44.46237 40.19754, 44.46239 40.19737, 44.46245 40.19694, 44.46247 40.19678, 44.46257 40.19608, 44.46266 40.19519, 44.46268 40.19493, 44.46269 40.1946, 44.46268 40.19439, 44.46264 40.19384, 44.46257 40.19319, 44.46255 40.19302, 44.46253 40.19273, 44.46252 40.19266, 44.46247 40.19221, 44.46242 40.19177, 44.46236 40.19116, 44.46233 40.19087, 44.46229 40.19064, 44.46223 40.1906, 44.46215 40.19053, 44.46211 40.19047, 44.46207 40.1904, 44.462 40.19025, 44.46198 40.19018, 44.46191 40.18947, 44.46186 40.1889, 44.46183 40.18856, 44.46181 40.18825, 44.46178 40.18792, 44.46176 40.18762, 44.46172 40.18729, 44.46171 40.18718, 44.46165 40.18645, 44.46164 40.18638, 44.46161 40.18625, 44.46152 40.18596, 44.46143 40.18568, 44.46139 40.18555, 44.46137 40.18549, 44.46116 40.18487, 44.46077 40.18368, 44.46066 40.18336, 44.46062 40.18324)",40.210073,44.46252,40.183237,44.460624,40.207462,44.462004,40.204774,44.461496,40.202063,44.461779,40.199356,44.462138,40.196649,44.462491,40.193936,44.462649,40.191224,44.462365,40.188578,44.461832,40.185875,44.461495
14,3.134,6.27,5.668,90.43,46,"LINESTRING (44.48179 40.18225, 44.48074 40.18323, 44.48053 40.18359, 44.48036 40.18397, 44.48023 40.18429, 44.47996 40.18519, 44.47939 40.18714, 44.47937 40.18723, 44.47921 40.18764, 44.47912 40.18778, 44.47902 40.18791, 44.47891 40.18802, 44.47876 40.18815, 44.47867 40.18821, 44.47857 40.18827, 44.47835 40.18835, 44.47819 40.1884, 44.47803 40.18842, 44.47791 40.18843, 44.47776 40.18844, 44.47759 40.18844, 44.47745 40.18844, 44.47736 40.18845, 44.47724 40.18846, 44.47716 40.18848, 44.47706 40.18851, 44.47699 40.18854, 44.4769 40.1886, 44.47681 40.18869, 44.47675 40.18875, 44.47594 40.18955, 44.47585 40.18965, 44.47573 40.18976, 44.47568 40.18981, 44.47487 40.19059, 44.47435 40.19107, 44.47416 40.19126, 44.47399 40.19141, 44.4739 40.19148, 44.4738 40.19151, 44.4737 40.19153, 44.4736 40.19153, 44.47336 40.19152, 44.47285 40.19148, 44.47026 40.19131, 44.4692 40.19122, 44.46888 40.1912, 44.46844 40.19116, 44.46835 40.19116, 44.46819 40.19114, 44.46768 40.19111, 44.46765 40.1911, 44.46689 40.19105, 44.46599 40.19097, 44.46593 40.19097, 44.46505 40.19091, 44.46441 40.19086, 44.46413 40.19084, 44.4638 40.19082, 44.46283 40.19075, 44.46241 40.19069, 44.46234 40.19067, 44.46229 40.19064, 44.46223 40.1906, 44.46215 40.19053, 44.46211 40.19047, 44.46207 40.1904, 44.462 40.19025, 44.46198 40.19018, 44.46191 40.18947, 44.46186 40.1889, 44.46183 40.18856, 44.46181 40.18825, 44.46178 40.18792, 44.46176 40.18762, 44.46172 40.18729, 44.46171 40.18718, 44.46165 40.18645, 44.46164 40.18638, 44.46161 40.18625, 44.46152 40.18596, 44.46143 40.18568, 44.46139 40.18555, 44.46137 40.18549, 44.46116 40.18487, 44.46077 40.18368, 44.46066 40.18336, 44.46062 40.18324)",40.182248,44.481793,40.183237,44.460624,40.184699,44.480103,40.18745,44.479282,40.188969,44.476528,40.191182,44.474242,40.191341,44.470757,40.191063,44.467094,40.190791,44.463429,40.188783,44.461848,40.185975,44.461525
15,3.141,6.28,5.674,90.33,28,"LINESTRING (44.47752 40.15525, 44.47738 40.15529, 44.47545 40.15584, 44.47506 40.15595, 44.47323 40.15647, 44.47202 40.15683, 44.4716 40.15696, 44.47044 40.1573, 44.46998 40.1575, 44.4696 40.15773, 44.46931 40.15792, 44.469 40.15817, 44.46883 40.15832, 44.46848 40.15878, 44.46813 40.15939, 44.46778 40.16011, 44.46728 40.16115, 44.4672 40.16132, 44.46715 40.16142, 44.46706 40.16161, 44.46688 40.16201, 44.46655 40.16256, 44.46619 40.16298, 44.46594 40.16323, 44.46562 40.16348, 44.46526 40.16373, 44.46505 40.16385, 44.4648 40.16399, 44.46431 40.1642, 44.46423 40.16423, 44.46409 40.16428, 44.46375 40.16438, 44.46352 40.16445, 44.46346 40.16446, 44.4632 40.16454, 44.46276 40.16467, 44.46255 40.16472, 44.46135 40.16507, 44.46073 40.16525, 44.46046 40.16533, 44.46038 40.16536, 44.45981 40.16557, 44.45957 40.16567, 44.45903 40.16592, 44.45857 40.16617, 44.45811 40.16645, 44.4576 40.16682, 44.45722 40.16712, 44.45681 40.16748, 44.45664 40.16766, 44.45654 40.1678, 44.45642 40.16797, 44.4563 40.1682, 44.4562 40.16842, 44.45612 40.16871, 44.45609 40.169, 44.45609 40.16931, 44.45611 40.16951, 44.45617 40.16969, 44.45631 40.17011, 44.45644 40.17048, 44.45661 40.17094, 44.457 40.17206, 44.45701 40.17208, 44.45703 40.17216, 44.45708 40.17231, 44.45712 40.17243, 44.45716 40.17254, 44.45734 40.1731, 44.45738 40.17322, 44.45747 40.17348, 44.45754 40.17368, 44.45755 40.17373, 44.45762 40.17393, 44.45776 40.17434)",40.155249,44.477522,40.174337,44.457755,40.156236,44.474066,40.157246,44.470621,40.159268,44.468194,40.161922,44.466918,40.164064,44.464624,40.165114,44.461204,40.166511,44.458025,40.168841,44.456103,40.171597,44.456836
16,4.124,8.25,6.5,78.81,84,"LINESTRING (44.48298 40.12867, 44.48275 40.12886, 44.48267 40.12892, 44.48265 40.12894, 44.48262 40.12898, 44.48256 40.12904, 44.48251 40.12913, 44.48252 40.12922, 44.48249 40.12933, 44.48242 40.12947, 44.48225 40.12962, 44.482 40.12985, 44.48195 40.12989, 44.48192 40.12999, 44.4819 40.13009, 44.48191 40.13017, 44.48193 40.13023, 44.48195 40.13027, 44.48199 40.13033, 44.48203 40.13037, 44.48207 40.13041, 44.48221 40.1305, 44.48243 40.13064, 44.48286 40.13091, 44.48303 40.13102, 44.48318 40.13111, 44.48342 40.13126, 44.48358 40.13136, 44.48395 40.13159, 44.48468 40.13205, 44.48485 40.13216, 44.48504 40.13227, 44.48634 40.13308, 44.48645 40.13315, 44.48656 40.13322, 44.48872 40.13459, 44.48888 40.13468, 44.489 40.13481, 44.48912 40.13497, 44.48938 40.13537, 44.48983 40.13607, 44.49003 40.13639, 44.49009 40.13647, 44.49049 40.13712, 44.49051 40.13714, 44.49076 40.13753, 44.49085 40.13768, 44.49093 40.13781, 44.49105 40.138, 44.49126 40.13835, 44.49136 40.1385, 44.49162 40.13885, 44.49183 40.13904, 44.49194 40.13912, 44.49224 40.13935, 44.49255 40.1396, 44.49291 40.13988, 44.49298 40.13994, 44.49354 40.1404, 44.49373 40.14056, 44.49402 40.1408, 44.49466 40.14132, 44.49485 40.14148, 44.49495 40.14156, 44.49501 40.14161, 44.49508 40.14167, 44.49515 40.14171, 44.49521 40.14174, 44.4953 40.14178, 44.49521 40.14181, 44.49514 40.14184, 44.49508 40.14189, 44.49504 40.14195, 44.49503 40.142, 44.49503 40.14205, 44.49499 40.1422, 44.49498 40.14222, 44.49496 40.14226, 44.49492 40.14229, 44.49486 40.14237, 44.49479 40.14242, 44.49377 40.14318, 44.49282 40.1439, 44.49277 40.14393, 44.49268 40.144, 44.49255 40.14409, 44.4925 40.14414, 44.49127 40.14506, 44.4905 40.14564, 44.49011 40.14593, 44.48998 40.14603, 44.48991 40.14608, 44.48783 40.14766, 44.4878 40.14769, 44.48766 40.14779, 44.48602 40.14905, 44.48595 40.1491, 44.48586 40.14917, 44.48538 40.14953, 44.48493 40.14986, 44.48453 40.15016, 44.48403 40.15054, 44.48396 40.15056, 44.48381 40.1506, 44.48373 40.15058, 44.48359 40.15056, 44.48342 40.15058, 44.48331 40.15062, 44.48325 40.15065, 44.48319 40.15069, 44.48286 40.15095, 44.48268 40.15109, 44.48252 40.15121, 44.48248 40.15129, 44.48246 40.15136, 44.48245 40.15143, 44.48245 40.15149, 44.48246 40.15153, 44.48247 40.15155, 44.48249 40.15158, 44.48245 40.15166, 44.48238 40.15176, 44.48232 40.15182, 44.48156 40.15239, 44.48149 40.15244, 44.48087 40.15294, 44.48077 40.15301, 44.48065 40.1531, 44.48073 40.15317, 44.48066 40.15322, 44.48056 40.15332, 44.48002 40.15369, 44.47977 40.15387, 44.47955 40.15404, 44.4791 40.15439, 44.47904 40.15443, 44.47896 40.1545, 44.47889 40.15455, 44.47845 40.15485, 44.47833 40.15493, 44.478 40.15509, 44.47752 40.15525)",40.128672,44.482984,40.155249,44.477522,40.131465,44.483746,40.133815,44.487496,40.136766,44.490273,40.13985,44.492873,40.142584,44.494566,40.145182,44.491105,40.147793,44.487659,40.150402,44.484212,40.152835,44.480997
17,3.359,6.72,5.867,87.34,62,"LINESTRING (44.50478 40.16325, 44.50451 40.16326, 44.50442 40.16326, 44.50423 40.16328, 44.50417 40.1631, 44.50396 40.16248, 44.50351 40.16103, 44.50332 40.16043, 44.50328 40.16028, 44.50319 40.15998, 44.50299 40.15935, 44.50287 40.159, 44.50281 40.15886, 44.50248 40.15819, 44.50236 40.15796, 44.50231 40.15787, 44.5023 40.15784, 44.5021 40.15748, 44.50196 40.15722, 44.50187 40.15705, 44.50174 40.15683, 44.50161 40.1566, 44.5016 40.15658, 44.50156 40.15649, 44.50148 40.15635, 44.50119 40.15582, 44.50092 40.15546, 44.50039 40.15476, 44.49986 40.15406, 44.49963 40.15374, 44.49935 40.15337, 44.49892 40.1528, 44.49866 40.15246, 44.49855 40.15228, 44.49849 40.15218, 44.49831 40.15221, 44.4981 40.15221, 44.49776 40.1522, 44.49754 40.15219, 44.49633 40.15207, 44.49623 40.15206, 44.4951 40.15196, 44.49427 40.1519, 44.49391 40.15187, 44.49375 40.15185, 44.49308 40.15179, 44.49296 40.15178, 44.4927 40.15176, 44.49121 40.15163, 44.49104 40.15162, 44.49067 40.15158, 44.48964 40.1515, 44.48935 40.15147, 44.48896 40.15144, 44.48791 40.15135, 44.48779 40.15133, 44.48628 40.15121, 44.48573 40.15116, 44.48433 40.15105, 44.48423 40.15105, 44.48416 40.15106, 44.48405 40.1511, 44.48402 40.15115, 44.48398 40.15119, 44.48392 40.15125, 44.48391 40.15126, 44.48372 40.15139, 44.48325 40.15173, 44.48312 40.15179, 44.48302 40.1518, 44.48289 40.1518, 44.48286 40.1518, 44.48273 40.15176, 44.48258 40.15179, 44.48244 40.15185, 44.48165 40.15245, 44.48158 40.15251, 44.48081 40.1531, 44.48073 40.15317, 44.48066 40.15322, 44.48056 40.15332, 44.48002 40.15369, 44.47977 40.15387, 44.47955 40.15404, 44.4791 40.15439, 44.47904 40.15443, 44.47896 40.1545, 44.47889 40.15455, 44.47845 40.15485, 44.47833 40.15493, 44.478 40.15509, 44.47752 40.15525)",40.163252,44.504776,40.155249,44.477522,40.160749,44.503423,40.157854,44.502304,40.15511,44.500653,40.152489,44.498683,40.151952,44.495012,40.15162,44.491092,40.151282,44.487173,40.151541,44.483516,40.153332,44.480534
18,3.064,6.13,5.604,91.46,53,"LINESTRING (44.46152 40.20521, 44.4615 40.205, 44.4615 40.20494, 44.4615 40.20473, 44.4615 40.20446, 44.46156 40.20385, 44.46159 40.2036, 44.4616 40.20348, 44.46162 40.20329, 44.46165 40.20308, 44.46171 40.20261, 44.46175 40.2023, 44.46181 40.20182, 44.46184 40.20163, 44.46186 40.20145, 44.4619 40.2012, 44.46192 40.20104, 44.46196 40.20071, 44.46199 40.20052, 44.462 40.20041, 44.46201 40.20036, 44.46203 40.20024, 44.46205 40.20008, 44.4621 40.19964, 44.46215 40.19924, 44.46218 40.19892, 44.4622 40.19878, 44.4622 40.19872, 44.46234 40.19771, 44.46237 40.19754, 44.46239 40.19737, 44.46245 40.19694, 44.46247 40.19678, 44.46257 40.19608, 44.46266 40.19519, 44.46268 40.19493, 44.46269 40.1946, 44.46268 40.19439, 44.46264 40.19384, 44.46257 40.19319, 44.46255 40.19302, 44.46253 40.19273, 44.46252 40.19266, 44.46247 40.19221, 44.46242 40.19177, 44.46236 40.19116, 44.46233 40.19087, 44.46229 40.19064, 44.46231 40.19056, 44.46246 40.19059, 44.46254 40.1906, 44.46283 40.19064, 44.46286 40.19064, 44.4629 40.19064, 44.46321 40.19067, 44.46376 40.19071, 44.46427 40.19074, 44.46443 40.19076, 44.46487 40.19079, 44.46542 40.19083, 44.46602 40.19087, 44.46625 40.19089, 44.46695 40.19094, 44.46784 40.191, 44.46812 40.19102, 44.46821 40.19103, 44.46836 40.19104, 44.46853 40.19105, 44.4689 40.19108, 44.46923 40.19111, 44.46964 40.19113, 44.46984 40.19115, 44.46998 40.19116, 44.47067 40.19121, 44.47098 40.19123, 44.47136 40.19126, 44.47305 40.19138, 44.47331 40.1914, 44.47336 40.1914, 44.47348 40.19141, 44.4736 40.19141, 44.4737 40.19141, 44.47378 40.19139, 44.47387 40.19136, 44.47391 40.19133, 44.47397 40.19128, 44.47475 40.19051, 44.47518 40.1901, 44.47552 40.18978, 44.47562 40.18968, 44.47563 40.18967, 44.47586 40.18944, 44.47604 40.18927, 44.47681 40.18854, 44.47694 40.18845, 44.47709 40.18841, 44.47723 40.18839)",40.205214,44.461518,40.188389,44.477228,40.202462,44.461726,40.199716,44.462092,40.196969,44.462447,40.194218,44.462667,40.191466,44.462391,40.190775,44.464707,40.191037,44.46829,40.191295,44.471873,40.190411,44.474857
19,3.036,6.07,5.579,91.88,69,"LINESTRING (44.50896 40.18193, 44.50888 40.18187, 44.50814 40.18125, 44.50804 40.18117, 44.50791 40.18106, 44.50777 40.18094, 44.50768 40.181, 44.50763 40.18096, 44.50754 40.18089, 44.50677 40.18023, 44.50607 40.17962, 44.50595 40.17952, 44.5059 40.17948, 44.50581 40.1794, 44.50516 40.17884, 44.50469 40.17845, 44.50462 40.17838, 44.50371 40.17759, 44.50311 40.17709, 44.50246 40.17657, 44.50242 40.17653, 44.50234 40.17642, 44.50226 40.17631, 44.50223 40.17625, 44.50201 40.17548, 44.50196 40.1753, 44.50189 40.17514, 44.50185 40.17506, 44.50179 40.17499, 44.50167 40.17488, 44.50156 40.1748, 44.50128 40.17459, 44.50096 40.17436, 44.50092 40.17433, 44.50089 40.17431, 44.50087 40.17429, 44.50081 40.17426, 44.50076 40.17423, 44.5007 40.17422, 44.50061 40.17422, 44.50057 40.17424, 44.49899 40.17544, 44.49881 40.17559, 44.49874 40.17564, 44.4986 40.17571, 44.49856 40.17573, 44.49851 40.17575, 44.49838 40.17577, 44.49835 40.17577, 44.49825 40.17576, 44.49808 40.17573, 44.49798 40.17568, 44.49797 40.17567, 44.4979 40.17563, 44.4978 40.17557, 44.49628 40.17465, 44.4955 40.17418, 44.49532 40.17407, 44.49464 40.17365, 44.49444 40.17353, 44.49356 40.17298, 44.4926 40.1724, 44.4918 40.17191, 44.49168 40.17183, 44.49139 40.17165, 44.49088 40.17134, 44.49045 40.17107, 44.48814 40.16965, 44.48743 40.16921, 44.48715 40.16904, 44.48674 40.16879, 44.48622 40.16847, 44.48588 40.16826, 44.48427 40.16728, 44.48354 40.16688, 44.48327 40.16674)",40.181932,44.508956,40.166739,44.483274,40.180039,44.506553,40.177999,44.504177,40.175833,44.502114,40.174663,44.500012,40.175233,44.497244,40.173533,44.494452,40.171824,44.491667,40.17011,44.488888,40.168398,44.486107
20,3.29,6.58,5.807,88.25,89,"LINESTRING (44.49902 40.19293, 44.49934 40.19275, 44.49963 40.19261, 44.50002 40.19246, 44.50047 40.19234, 44.50102 40.19228, 44.50116 40.19228, 44.50218 40.19223, 44.50222 40.19223, 44.50291 40.19221, 44.50419 40.19214, 44.50444 40.19212, 44.50442 40.19201, 44.50442 40.19199, 44.50441 40.19197, 44.50433 40.19157, 44.50421 40.19109, 44.5042 40.19105, 44.50414 40.19079, 44.50398 40.19014, 44.50377 40.18931, 44.50378 40.18915, 44.50385 40.18893, 44.50451 40.18766, 44.50465 40.18738, 44.50471 40.18727, 44.50474 40.18715, 44.50475 40.18698, 44.50473 40.18685, 44.50471 40.18677, 44.50467 40.18668, 44.5046 40.18657, 44.50454 40.18648, 44.50447 40.18642, 44.5042 40.18624, 44.50375 40.18594, 44.50282 40.18534, 44.50185 40.18471, 44.50166 40.18458, 44.5012 40.18428, 44.50064 40.1839, 44.50058 40.18386, 44.50055 40.18384, 44.50041 40.18373, 44.50022 40.18357, 44.50002 40.1834, 44.49979 40.18318, 44.49963 40.183, 44.49951 40.18285, 44.49939 40.1827, 44.49933 40.18259, 44.49928 40.18245, 44.49925 40.18237, 44.4992 40.18216, 44.49919 40.18206, 44.49915 40.1818, 44.49914 40.18171, 44.49913 40.18166, 44.4991 40.1813, 44.49905 40.18087, 44.49905 40.18082, 44.49906 40.18067, 44.49912 40.18053, 44.49921 40.18038, 44.49927 40.18031, 44.49944 40.18013, 44.49955 40.18004, 44.4997 40.17995, 44.49992 40.17984, 44.50008 40.17979, 44.50038 40.1797, 44.501 40.17953, 44.50154 40.17936, 44.5016 40.17933, 44.50168 40.17924, 44.50174 40.17917, 44.50177 40.17913, 44.50237 40.17841, 44.5024 40.17837, 44.50284 40.17785, 44.50309 40.17753, 44.50312 40.1775, 44.50331 40.17727, 44.50337 40.17721, 44.50346 40.1771, 44.5035 40.17704, 44.50373 40.17679, 44.50395 40.1765, 44.50439 40.17596, 44.50445 40.17589, 44.5045 40.17582, 44.50501 40.17523, 44.50519 40.17502, 44.50522 40.17497, 44.50536 40.17481, 44.50559 40.17452, 44.5056 40.1745, 44.50574 40.17432, 44.50591 40.17413, 44.50618 40.17381, 44.50625 40.17372, 44.50634 40.17361, 44.50665 40.17322, 44.50692 40.17288, 44.50716 40.17258, 44.50757 40.17208, 44.50781 40.17178, 44.50803 40.17149, 44.50811 40.17139, 44.50816 40.17134)",40.192932,44.49902,40.171338,44.508158,40.192217,44.502674,40.190534,44.504079,40.187694,44.504496,40.185373,44.502881,40.183391,44.500015,40.180606,44.499088,40.178866,44.501991,40.176366,44.504065,40.173861,44.506131
21,3.836,7.67,6.27,81.71,69,"LINESTRING (44.50816 40.17134, 44.50826 40.1712, 44.50829 40.17107, 44.50833 40.17085, 44.50834 40.1708, 44.50833 40.17075, 44.50791 40.17011, 44.50781 40.16996, 44.50732 40.16923, 44.5069 40.16857, 44.50633 40.16772, 44.50619 40.1675, 44.5061 40.16737, 44.50593 40.16712, 44.50581 40.16696, 44.50576 40.16687, 44.50567 40.16671, 44.50552 40.16648, 44.50522 40.16601, 44.50513 40.16587, 44.50492 40.16557, 44.5047 40.16524, 44.50465 40.16514, 44.50456 40.16488, 44.50441 40.16444, 44.50429 40.16406, 44.50421 40.16381, 44.50412 40.16356, 44.5041 40.16349, 44.50408 40.16346, 44.50399 40.1632, 44.50398 40.16314, 44.50377 40.16247, 44.50323 40.16073, 44.50319 40.16058, 44.50315 40.16045, 44.50302 40.16001, 44.50274 40.15914, 44.50265 40.15892, 44.50244 40.15851, 44.50217 40.15802, 44.50214 40.15798, 44.50212 40.15791, 44.50205 40.15778, 44.5018 40.15729, 44.50178 40.15725, 44.50176 40.15722, 44.50168 40.15707, 44.50158 40.15689, 44.50144 40.15663, 44.50105 40.15592, 44.50077 40.15556, 44.50061 40.15534, 44.50047 40.15516, 44.50029 40.15491, 44.50002 40.15455, 44.49996 40.15448, 44.49987 40.15436, 44.49979 40.15425, 44.49947 40.15382, 44.49933 40.15364, 44.49876 40.15288, 44.49855 40.15261, 44.49838 40.15236, 44.49831 40.15221, 44.49828 40.15211, 44.49845 40.15209, 44.49864 40.15204, 44.49875 40.15202, 44.49902 40.15194, 44.49967 40.15176, 44.49992 40.15168, 44.50056 40.1515, 44.50125 40.15131, 44.50197 40.15111, 44.50257 40.15094, 44.50278 40.15088, 44.50336 40.15072, 44.50434 40.15045, 44.50456 40.1504, 44.50526 40.1503, 44.50628 40.15025, 44.50841 40.15017, 44.50875 40.1502, 44.50908 40.15023, 44.50924 40.15026, 44.50973 40.15034, 44.50989 40.15037, 44.51003 40.15039, 44.51003 40.15034, 44.51002 40.15007, 44.51001 40.14891, 44.51 40.14842, 44.50998 40.14777, 44.50996 40.1473, 44.50995 40.14669, 44.50994 40.14609)",40.171338,44.508158,40.146094,44.509937,40.168212,44.506658,40.165122,44.504644,40.16177,44.503556,40.158434,44.5024,40.155283,44.500567,40.152279,44.498341,40.151015,44.502303,40.150236,44.506654,40.14955,44.510018
22,3.354,6.71,5.863,87.4,48,"LINESTRING (44.44495 40.15581, 44.44476 40.15607, 44.44444 40.15669, 44.44433 40.15698, 44.44426 40.15723, 44.44422 40.15749, 44.44413 40.15788, 44.44406 40.1582, 44.44393 40.15853, 44.44372 40.15889, 44.44334 40.15939, 44.44295 40.15995, 44.4429 40.16004, 44.44266 40.16047, 44.44232 40.1612, 44.44192 40.16198, 44.44182 40.16218, 44.44175 40.16231, 44.44173 40.16234, 44.44155 40.16268, 44.44131 40.16314, 44.44088 40.16395, 44.44074 40.16421, 44.44057 40.16455, 44.44046 40.16477, 44.44006 40.16553, 44.44 40.16565, 44.43996 40.16572, 44.43985 40.16593, 44.43982 40.16599, 44.43976 40.16609, 44.43944 40.16671, 44.43925 40.16707, 44.4389 40.16773, 44.43883 40.16787, 44.43846 40.16856, 44.43802 40.16944, 44.43784 40.1698, 44.43776 40.16995, 44.43768 40.1701, 44.43761 40.17025, 44.43759 40.17036, 44.43757 40.17044, 44.43755 40.1705, 44.43754 40.17056, 44.4375 40.17062, 44.4373 40.17103, 44.43724 40.1712, 44.43722 40.17124, 44.43718 40.17132, 44.43713 40.17148, 44.43709 40.17165, 44.43709 40.17181, 44.4371 40.17195, 44.43714 40.17209, 44.4372 40.17222, 44.43735 40.17247, 44.4375 40.17268, 44.43755 40.17274, 44.43761 40.17283, 44.43772 40.17297, 44.43779 40.17305, 44.43791 40.17315, 44.43788 40.17315, 44.43785 40.17315, 44.43783 40.17316, 44.43781 40.17318, 44.43779 40.17319, 44.43778 40.17321, 44.43768 40.17308, 44.43762 40.17303, 44.43755 40.17291, 44.43746 40.17277, 44.43725 40.17246, 44.43712 40.17224, 44.43709 40.17218, 44.437 40.17202, 44.43695 40.17193, 44.43691 40.17183, 44.4369 40.1718, 44.43684 40.17162, 44.43683 40.17158, 44.43681 40.17153, 44.4368 40.17148, 44.43681 40.17144, 44.43693 40.17118, 44.43702 40.17098, 44.43706 40.1709, 44.43716 40.17067, 44.43724 40.17052, 44.4373 40.1704, 44.43742 40.17017, 44.43754 40.16989, 44.43759 40.16979, 44.43779 40.1696, 44.43793 40.16931, 44.43817 40.1688, 44.43826 40.16849, 44.43867 40.16768, 44.43887 40.16729, 44.43912 40.1668, 44.4392 40.16665, 44.4393 40.16647, 44.43962 40.16585, 44.43967 40.16576, 44.44007 40.165, 44.44028 40.16462, 44.44035 40.16448, 44.44073 40.16376, 44.44096 40.16336, 44.44134 40.16263)",40.155811,44.444953,40.16263,44.441343,40.158687,44.443838,40.161427,44.4422,40.16423,44.44073,40.167036,44.439268,40.169845,44.437817,40.172704,44.437523,40.171042,44.436991,40.168233,44.438391,40.165425,44.439846
23,3.547,7.09,6.029,84.98,73,"LINESTRING (44.49902 40.19293, 44.49832 40.19337, 44.49731 40.194, 44.49568 40.19503, 44.49554 40.19511, 44.49502 40.19544, 44.49458 40.19572, 44.49433 40.19588, 44.49414 40.19603, 44.49393 40.19619, 44.49373 40.19639, 44.49349 40.19667, 44.49344 40.19676, 44.49338 40.19691, 44.49317 40.19743, 44.49313 40.19756, 44.49307 40.19781, 44.49304 40.19792, 44.49304 40.19798, 44.49303 40.19803, 44.49303 40.19811, 44.49303 40.19817, 44.49305 40.19824, 44.49307 40.1983, 44.49316 40.19851, 44.49335 40.19893, 44.49343 40.19911, 44.4933 40.19896, 44.49301 40.19836, 44.49293 40.19817, 44.49292 40.19814, 44.49291 40.19811, 44.49285 40.19797, 44.49279 40.19786, 44.4927 40.19776, 44.49259 40.19768, 44.49234 40.19753, 44.49209 40.19738, 44.49161 40.19709, 44.49126 40.19688, 44.49119 40.19683, 44.4905 40.19642, 44.48926 40.19568, 44.48883 40.19542, 44.48863 40.1953, 44.48802 40.19494, 44.48744 40.1946, 44.48718 40.19445, 44.48696 40.19432, 44.48656 40.19409, 44.48551 40.19347, 44.48541 40.19341, 44.48528 40.19333, 44.48498 40.19315, 44.48491 40.19311, 44.48462 40.19294, 44.48457 40.19291, 44.48412 40.19264, 44.48376 40.19242, 44.48365 40.19236, 44.48112 40.19087, 44.4804 40.19042, 44.48019 40.1903, 44.4802 40.19028, 44.4802 40.19027, 44.4802 40.19025, 44.48019 40.19023, 44.48027 40.19025, 44.48029 40.19026, 44.48119 40.1908, 44.48372 40.19229, 44.48396 40.19242, 44.48421 40.19255, 44.48444 40.19269, 44.48471 40.19285, 44.48488 40.19295, 44.48508 40.19306, 44.48551 40.19332, 44.4856 40.19338, 44.4866 40.19396, 44.48731 40.19437, 44.48755 40.1945, 44.4877 40.1946, 44.48872 40.1952, 44.48893 40.19532, 44.48952 40.19571, 44.49058 40.19635)",40.192932,44.49902,40.196354,44.490585,40.194954,44.495793,40.197352,44.493199,40.197835,44.492764,40.195833,44.489524,40.193885,44.486221,40.191929,44.482926,40.190498,44.480689,40.192438,44.484,40.194376,44.487313
24,3.406,6.81,5.908,86.74,87,"LINESTRING (44.52783 40.18194, 44.52779 40.18226, 44.52776 40.1824, 44.5276 40.18308, 44.52749 40.18341, 44.52723 40.18406, 44.52718 40.1842, 44.52714 40.1843, 44.52686 40.18486, 44.52676 40.18506, 44.5265 40.18559, 44.52637 40.1858, 44.52603 40.18626, 44.52582 40.18655, 44.52564 40.18677, 44.52545 40.18698, 44.52506 40.18739, 44.52503 40.18742, 44.52462 40.18782, 44.52432 40.18807, 44.52422 40.18816, 44.5241 40.18826, 44.5239 40.1884, 44.52351 40.18867, 44.52314 40.18892, 44.52257 40.18929, 44.52252 40.18932, 44.52237 40.1894, 44.52229 40.18944, 44.52217 40.18951, 44.52175 40.1897, 44.52162 40.18977, 44.5211 40.19001, 44.52085 40.19012, 44.5207 40.19018, 44.52049 40.19026, 44.51989 40.19048, 44.51961 40.19056, 44.51936 40.19058, 44.51925 40.19056, 44.51917 40.19054, 44.51909 40.1905, 44.51895 40.19041, 44.51878 40.19028, 44.51871 40.19022, 44.51836 40.18993, 44.51774 40.18942, 44.51751 40.18924, 44.51738 40.18913, 44.51727 40.18903, 44.51711 40.1889, 44.51661 40.18848, 44.51651 40.1884, 44.51638 40.18829, 44.51633 40.18825, 44.51621 40.18814, 44.51577 40.18779, 44.51559 40.18764, 44.51556 40.18761, 44.51524 40.18737, 44.51508 40.18723, 44.51486 40.18752, 44.51484 40.18755, 44.51478 40.18762, 44.51468 40.18773, 44.51423 40.18825, 44.51414 40.18835, 44.5141 40.1884, 44.51401 40.1885, 44.51397 40.18854, 44.51385 40.18868, 44.5138 40.18874, 44.51347 40.18911, 44.51335 40.18925, 44.51294 40.18972, 44.5125 40.19022, 44.51236 40.19036, 44.51219 40.1905, 44.51187 40.19074, 44.51162 40.1909, 44.51138 40.19104, 44.51113 40.19115, 44.51079 40.19127, 44.51044 40.19137, 44.51012 40.19143, 44.5095 40.19151, 44.50779 40.19174, 44.50762 40.19176, 44.50554 40.192, 44.50515 40.19205, 44.50473 40.1921, 44.50449 40.19211, 44.50444 40.19212, 44.50419 40.19214, 44.50291 40.19221, 44.50222 40.19223, 44.50218 40.19223, 44.50116 40.19228, 44.50102 40.19228, 44.50047 40.19234, 44.50002 40.19246, 44.49963 40.19261, 44.49934 40.19275, 44.49902 40.19293)",40.181944,44.527825,40.192932,44.49902,40.184905,44.526836,40.187562,44.524881,40.189618,44.521935,40.190054,44.518507,40.187801,44.515791,40.189141,44.513448,40.191293,44.510707,40.19186,44.506781,40.192212,44.50281
25,3.057,6.11,5.599,91.56,55,"LINESTRING (44.50178 40.1793, 44.50168 40.17924, 44.50174 40.17917, 44.50177 40.17913, 44.50237 40.17841, 44.5024 40.17837, 44.50284 40.17785, 44.50309 40.17753, 44.50312 40.1775, 44.50331 40.17727, 44.50337 40.17721, 44.50346 40.1771, 44.5035 40.17704, 44.50373 40.17679, 44.50395 40.1765, 44.50439 40.17596, 44.50445 40.17589, 44.5045 40.17582, 44.50501 40.17523, 44.50519 40.17502, 44.50522 40.17497, 44.50536 40.17481, 44.50517 40.17473, 44.50498 40.17466, 44.50465 40.17453, 44.50383 40.17418, 44.50369 40.17413, 44.50346 40.17406, 44.50343 40.17405, 44.50337 40.17403, 44.5032 40.17401, 44.50277 40.174, 44.50162 40.174, 44.50149 40.174, 44.50142 40.174, 44.50125 40.17401, 44.50116 40.17402, 44.50106 40.17404, 44.50095 40.17405, 44.50085 40.17408, 44.50075 40.17412, 44.50061 40.17422, 44.50057 40.17424, 44.49899 40.17544, 44.49881 40.17559, 44.49874 40.17564, 44.49871 40.17573, 44.49868 40.17581, 44.49867 40.17589, 44.49867 40.17595, 44.49867 40.17598, 44.49869 40.1762, 44.49868 40.17631, 44.49861 40.17649, 44.49857 40.17656, 44.49848 40.17673, 44.49786 40.17762, 44.4978 40.1777, 44.49775 40.17775, 44.49767 40.17782, 44.4976 40.17788, 44.49752 40.17793, 44.49742 40.17798, 44.49732 40.17804, 44.49714 40.17812, 44.49647 40.17837, 44.49524 40.17884, 44.49448 40.17913, 44.49432 40.17918, 44.49419 40.17921, 44.49406 40.17924, 44.49392 40.17924, 44.49383 40.17924, 44.49373 40.17923, 44.49357 40.17921, 44.4935 40.1792, 44.49337 40.17916, 44.49322 40.17911, 44.49308 40.17906, 44.49299 40.17901, 44.49281 40.17893, 44.49255 40.1788, 44.49238 40.17876, 44.49207 40.17873, 44.49199 40.17876, 44.49191 40.17877, 44.4916 40.17896, 44.49103 40.17925, 44.48902 40.1803, 44.48871 40.18046, 44.48843 40.1806, 44.48811 40.18077, 44.48798 40.18084, 44.48698 40.18137, 44.48678 40.18148, 44.48658 40.18158, 44.48645 40.18165, 44.48625 40.18172, 44.48619 40.18173, 44.48602 40.18174, 44.48575 40.18176, 44.48562 40.18176, 44.48547 40.18174, 44.48478 40.18162, 44.48411 40.1815, 44.48397 40.18148, 44.48383 40.18146, 44.48369 40.18144, 44.48345 40.18143, 44.48335 40.18144, 44.4832 40.18145, 44.48315 40.18146, 44.48295 40.1815, 44.48274 40.18157, 44.48248 40.18169, 44.48221 40.18187, 44.48179 40.18225)",40.179301,44.501776,40.182248,44.481793,40.176995,44.503544,40.174735,44.505176,40.174003,44.501811,40.175466,44.498961,40.177909,44.497548,40.179167,44.494359,40.179204,44.491125,40.180746,44.48815,40.181653,44.484964
26,3.109,6.22,5.645,90.8,20,"LINESTRING (44.48298 40.12867, 44.48327 40.12843, 44.48353 40.12824, 44.48373 40.12808, 44.48465 40.12737, 44.48556 40.12666, 44.48639 40.12605, 44.48648 40.12598, 44.48651 40.12596, 44.48659 40.1259, 44.48669 40.12582, 44.48674 40.12578, 44.4868 40.12573, 44.48685 40.12567, 44.48689 40.12561, 44.48685 40.12563, 44.4868 40.12564, 44.48676 40.12564, 44.48672 40.12564, 44.48668 40.12564, 44.48664 40.12563, 44.4866 40.12561, 44.48657 40.12559, 44.48654 40.12557, 44.48651 40.12554, 44.4865 40.12552, 44.48649 40.12549, 44.48648 40.12546, 44.48639 40.12534, 44.48634 40.12525, 44.48617 40.12505, 44.48589 40.12481, 44.48558 40.12449, 44.48538 40.12427, 44.4852 40.12404, 44.48509 40.12389, 44.48477 40.12336, 44.48441 40.12278, 44.4842 40.12247, 44.48395 40.12213, 44.4834 40.12147, 44.48256 40.12047, 44.4821 40.11995, 44.48091 40.11863, 44.48034 40.11799, 44.47865 40.1161, 44.47769 40.11505, 44.47681 40.11406, 44.47586 40.11302, 44.47499 40.11204, 44.47451 40.1115, 44.47426 40.11123, 44.47416 40.11112, 44.47385 40.11084, 44.47372 40.11075, 44.47354 40.11063, 44.47241 40.1099, 44.47208 40.10969, 44.47201 40.10964, 44.47194 40.10959, 44.47188 40.10951, 44.47181 40.1094, 44.47176 40.10926, 44.47166 40.10893, 44.47156 40.10871, 44.47146 40.10852, 44.47141 40.10845, 44.47134 40.10839, 44.47126 40.10833, 44.46952 40.10733, 44.46874 40.10689)",40.128672,44.482984,40.106894,44.468739,40.126676,44.485542,40.124737,44.485824,40.122291,44.484069,40.119939,44.482089,40.117631,44.480023,40.115328,44.477948,40.113027,44.475868,40.110763,44.473733,40.108654,44.471529
27,3.019,6.04,5.564,92.13,83,"LINESTRING (44.50595 40.17952, 44.50607 40.17962, 44.50677 40.18023, 44.50754 40.18089, 44.50763 40.18096, 44.50771 40.18089, 44.50783 40.1808, 44.50839 40.18042, 44.50869 40.18021, 44.50892 40.18005, 44.509 40.18, 44.50908 40.17994, 44.50914 40.1799, 44.50952 40.17964, 44.50965 40.17955, 44.50993 40.17936, 44.51005 40.17927, 44.51018 40.17918, 44.51073 40.17881, 44.51105 40.17859, 44.51128 40.17843, 44.51147 40.1783, 44.51151 40.17827, 44.51154 40.17826, 44.51169 40.17814, 44.51189 40.17796, 44.51197 40.17785, 44.51201 40.1778, 44.51272 40.1772, 44.5128 40.17719, 44.51285 40.17718, 44.51288 40.17718, 44.51299 40.17712, 44.51318 40.17699, 44.51323 40.17695, 44.51327 40.17691, 44.51332 40.17685, 44.51366 40.17645, 44.5138 40.17628, 44.51383 40.17623, 44.51384 40.17615, 44.51382 40.17572, 44.51381 40.17548, 44.5138 40.1754, 44.51378 40.17508, 44.51376 40.1747, 44.51373 40.17423, 44.51368 40.17362, 44.51368 40.1736, 44.51368 40.17358, 44.51367 40.17349, 44.51367 40.17344, 44.51365 40.17316, 44.5136 40.17244, 44.51348 40.17081, 44.51348 40.17078, 44.51343 40.17009, 44.51341 40.16973, 44.5134 40.16954, 44.51337 40.1692, 44.51336 40.16915, 44.51332 40.16868, 44.5133 40.16843, 44.51325 40.16786, 44.51323 40.16773, 44.51315 40.16682, 44.51312 40.16655, 44.51305 40.1654, 44.51302 40.1651, 44.51301 40.16497, 44.51299 40.16476, 44.51286 40.16341, 44.51284 40.16313, 44.51282 40.16289, 44.51279 40.16268, 44.51276 40.16249, 44.51275 40.16244, 44.51272 40.16234, 44.51257 40.16192, 44.51235 40.16136, 44.51216 40.16085, 44.51196 40.16033, 44.51192 40.16021, 44.51211 40.1602, 44.51222 40.1602, 44.51265 40.16018, 44.51285 40.16017, 44.51311 40.16016, 44.51317 40.16016, 44.51351 40.16014, 44.51384 40.16013, 44.51448 40.1601, 44.51499 40.16005)",40.179523,44.505952,40.160046,44.51499,40.180424,44.508379,40.178609,44.511021,40.176689,44.513457,40.174054,44.513718,40.171338,44.513517,40.168622,44.513318,40.165908,44.513083,40.163194,44.512845,40.160554,44.512047
28,3.025,6.05,5.569,92.04,89,"LINESTRING (44.51564 40.18373, 44.51571 40.18379, 44.51581 40.18387, 44.51616 40.18417, 44.5163 40.18429, 44.51646 40.18444, 44.51699 40.18488, 44.51711 40.18499, 44.51723 40.18509, 44.51738 40.18521, 44.51789 40.18564, 44.51831 40.18599, 44.51835 40.18602, 44.51837 40.18604, 44.51841 40.18607, 44.51886 40.18645, 44.51902 40.18658, 44.51943 40.18693, 44.5195 40.18699, 44.51961 40.18709, 44.51967 40.18714, 44.51977 40.18723, 44.51993 40.18714, 44.52029 40.18693, 44.5205 40.18681, 44.52056 40.18677, 44.52121 40.18633, 44.52142 40.18618, 44.52155 40.18609, 44.52166 40.18599, 44.52186 40.18616, 44.52252 40.1867, 44.52284 40.18697, 44.52305 40.18715, 44.52391 40.18789, 44.52412 40.18807, 44.52422 40.18816, 44.52453 40.18844, 44.52505 40.18888, 44.52572 40.18945, 44.52588 40.18959, 44.52642 40.19005, 44.52645 40.19008, 44.52651 40.19013, 44.52654 40.19016, 44.52758 40.19104, 44.52778 40.19122, 44.52788 40.19129, 44.52798 40.19136, 44.52803 40.19134, 44.52807 40.19134, 44.52812 40.19133, 44.52817 40.19133, 44.52822 40.19133, 44.52826 40.19134, 44.52831 40.19136, 44.52835 40.19137, 44.52839 40.19139, 44.52843 40.19142, 44.52846 40.19145, 44.52858 40.19136, 44.52875 40.19124, 44.52894 40.1911, 44.52896 40.19107, 44.52901 40.19102, 44.52906 40.19097, 44.52909 40.19093, 44.52914 40.19082, 44.52917 40.19071, 44.52918 40.19054, 44.52917 40.19037, 44.52894 40.19012, 44.52864 40.18979, 44.52807 40.18915, 44.52801 40.18909, 44.52781 40.1889, 44.52739 40.1885, 44.52717 40.18831, 44.52713 40.18827, 44.52638 40.18754, 44.5262 40.18727, 44.52612 40.18713, 44.52605 40.187, 44.52603 40.18687, 44.52604 40.18672, 44.52607 40.18659, 44.5261 40.18651, 44.52618 40.18637, 44.5264 40.18609, 44.52648 40.18599, 44.52664 40.18568, 44.52666 40.18556, 44.52664 40.18528, 44.52654 40.18488, 44.52653 40.18485, 44.52647 40.18467, 44.52639 40.18449, 44.52608 40.18396, 44.5258 40.18349, 44.52563 40.18326, 44.52539 40.18306, 44.5251 40.1829, 44.52477 40.18277, 44.52463 40.18269, 44.52449 40.18258, 44.52426 40.18238, 44.52418 40.18223, 44.52413 40.18211, 44.52408 40.18199, 44.52406 40.18189, 44.52392 40.1807, 44.52384 40.18035, 44.52381 40.18024)",40.183726,44.515642,40.180243,44.523809,40.185748,44.518024,40.186789,44.520533,40.187131,44.523031,40.189169,44.525391,40.191199,44.527762,40.18971,44.528567,40.187556,44.526393,40.185002,44.526567,40.182769,44.524765
29,3.002,6,5.548,92.4,12,"LINESTRING (44.48458 40.17023, 44.48452 40.17032, 44.48435 40.17069, 44.48379 40.17205, 44.48362 40.17248, 44.48318 40.17362, 44.48274 40.17454, 44.48166 40.17652, 44.48067 40.17827, 44.48033 40.1789, 44.47963 40.18014, 44.4785 40.18185, 44.47734 40.18357, 44.47692 40.1842, 44.47687 40.18427, 44.47652 40.18478, 44.47621 40.18519, 44.47604 40.18536, 44.47587 40.18552, 44.47571 40.18565, 44.47529 40.18598, 44.47511 40.18617, 44.47496 40.18646, 44.47493 40.18673, 44.47498 40.18696, 44.47507 40.18715, 44.4752 40.1873, 44.47533 40.18742, 44.47551 40.18755, 44.4757 40.18764, 44.47631 40.18787, 44.47675 40.18814, 44.47696 40.18826, 44.4774 40.18854, 44.47883 40.18938, 44.47922 40.18961, 44.47957 40.18983, 44.48003 40.1901, 44.48017 40.19019, 44.48027 40.19025, 44.48029 40.19026, 44.48119 40.1908, 44.48372 40.19229)",40.170231,44.484576,40.192291,44.483719,40.172805,44.483498,40.175345,44.482296,40.177834,44.480918,40.180315,44.479517,40.182724,44.477914,40.185113,44.476262,40.187395,44.475303,40.188978,44.478144,40.19064,44.480926
30,3.067,6.13,5.608,91.41,130,"LINESTRING (44.50178 40.1793, 44.50188 40.17918, 44.50192 40.17915, 44.5025 40.17846, 44.50252 40.17843, 44.5026 40.17833, 44.50289 40.17798, 44.50322 40.17761, 44.50336 40.17744, 44.50344 40.17736, 44.50364 40.17709, 44.50366 40.17706, 44.50397 40.17669, 44.5043 40.17628, 44.50451 40.17603, 44.50457 40.17596, 44.50469 40.17601, 44.50505 40.17619, 44.50544 40.17638, 44.50555 40.17644, 44.50681 40.17705, 44.50687 40.17707, 44.50691 40.17709, 44.50745 40.17736, 44.5075 40.17738, 44.50757 40.17742, 44.50765 40.17746, 44.50773 40.17751, 44.50777 40.17754, 44.50804 40.17775, 44.50852 40.17811, 44.50858 40.17816, 44.50887 40.17838, 44.5089 40.17841, 44.50927 40.17868, 44.50997 40.17921, 44.51005 40.17927, 44.50993 40.17936, 44.50965 40.17955, 44.50952 40.17964, 44.50914 40.1799, 44.50908 40.17994, 44.509 40.18, 44.50892 40.18005, 44.50869 40.18021, 44.50839 40.18042, 44.50783 40.1808, 44.50771 40.18089, 44.50777 40.18094, 44.50791 40.18106, 44.50804 40.18117, 44.50814 40.18125, 44.50888 40.18187, 44.50896 40.18193, 44.50901 40.18198, 44.50952 40.1824, 44.50958 40.18246, 44.51011 40.18288, 44.5111 40.18369, 44.51119 40.18376, 44.51131 40.18387, 44.51228 40.18468, 44.51234 40.18473, 44.51245 40.18482, 44.51302 40.1853, 44.51307 40.18534, 44.51321 40.18546, 44.51337 40.18559, 44.51403 40.18615, 44.51482 40.18681, 44.51485 40.18683, 44.51488 40.18686, 44.51512 40.18706, 44.51519 40.18711, 44.51523 40.18706, 44.51538 40.18688, 44.51542 40.18684, 44.5157 40.18654, 44.51611 40.18606, 44.51694 40.18512, 44.51711 40.18499, 44.51723 40.18509, 44.51738 40.18521, 44.51789 40.18564, 44.51831 40.18599, 44.51835 40.18602, 44.51837 40.18604, 44.51841 40.18607, 44.51886 40.18645, 44.51902 40.18658, 44.51943 40.18693, 44.5195 40.18699, 44.51961 40.18709, 44.51967 40.18714, 44.51977 40.18723, 44.51993 40.18714, 44.52029 40.18693, 44.5205 40.18681, 44.52056 40.18677, 44.52121 40.18633, 44.52142 40.18618, 44.52155 40.18609)",40.179301,44.501776,40.186087,44.521553,40.176981,44.503729,40.176788,44.50628,40.178523,44.509058,40.180404,44.508408,40.182395,44.509508,40.184416,44.511965,40.186455,44.514397,40.185558,44.516557,40.186495,44.518917
31,3.085,6.17,5.624,91.14,65,"LINESTRING (44.50178 40.1793, 44.50174 40.17933, 44.50167 40.17938, 44.50102 40.17957, 44.50041 40.17975, 44.49998 40.17987, 44.49984 40.17993, 44.4997 40.18, 44.4996 40.18007, 44.4995 40.18015, 44.49944 40.1802, 44.49938 40.18027, 44.4993 40.18036, 44.49923 40.18048, 44.49919 40.18055, 44.49916 40.18068, 44.49915 40.18073, 44.49914 40.18077, 44.49914 40.18084, 44.49914 40.18087, 44.49914 40.18097, 44.49915 40.18107, 44.49923 40.1818, 44.49926 40.18206, 44.49927 40.18216, 44.49935 40.18246, 44.49942 40.18261, 44.49953 40.1828, 44.49968 40.183, 44.50009 40.18339, 44.50031 40.18357, 44.50044 40.18368, 44.50046 40.18369, 44.50061 40.18381, 44.50064 40.18383, 44.50074 40.1839, 44.50126 40.18422, 44.50167 40.18451, 44.50176 40.18457, 44.50192 40.18468, 44.50216 40.18484, 44.50303 40.18537, 44.50362 40.18575, 44.504 40.186, 44.50423 40.18616, 44.50436 40.18625, 44.50446 40.18632, 44.50452 40.18637, 44.50457 40.18642, 44.50462 40.18646, 44.50467 40.18651, 44.50471 40.18657, 44.50476 40.18666, 44.5048 40.18675, 44.50483 40.18689, 44.50484 40.18697, 44.50482 40.18711, 44.50482 40.18715, 44.50477 40.18728, 44.50457 40.18768, 44.50425 40.18831, 44.50391 40.18894, 44.50384 40.18916, 44.50383 40.18934, 44.50402 40.19009, 44.50416 40.1907, 44.50419 40.19082, 44.50424 40.19104, 44.50425 40.19108, 44.50439 40.19162, 44.50446 40.19194, 44.50447 40.19198, 44.50448 40.192, 44.50449 40.19211, 44.50451 40.19224, 44.50306 40.19232, 44.50216 40.19236, 44.50118 40.19239, 44.50104 40.1924, 44.50048 40.19247, 44.50005 40.19258, 44.49966 40.19273, 44.49945 40.19284, 44.49912 40.19302, 44.49837 40.19348, 44.49773 40.1939, 44.49758 40.19402, 44.49719 40.19426, 44.49646 40.1947, 44.49577 40.19511, 44.49566 40.19518, 44.49463 40.19583, 44.49477 40.19589, 44.49507 40.19602, 44.49536 40.19615, 44.49589 40.19638, 44.497 40.19683, 44.49711 40.19687, 44.49755 40.19706, 44.49767 40.19711, 44.49791 40.19721, 44.49802 40.19725)",40.179301,44.501776,40.197254,44.498018,40.180895,44.499137,40.183466,44.500186,40.185296,44.502908,40.187429,44.504695,40.190073,44.504012,40.192279,44.503758,40.192549,44.500163,40.194207,44.497276,40.19592,44.494838
32,3.732,7.46,6.184,82.85,80,"LINESTRING (44.49733 40.14067, 44.49619 40.14152, 44.49589 40.14174, 44.49582 40.14179, 44.49578 40.14184, 44.49576 40.14187, 44.49569 40.14197, 44.4957 40.14203, 44.49573 40.14215, 44.49579 40.14226, 44.49583 40.1423, 44.49632 40.14271, 44.49647 40.14284, 44.49665 40.14302, 44.49677 40.14313, 44.49689 40.14328, 44.49693 40.14335, 44.49711 40.14373, 44.49713 40.14379, 44.49716 40.1439, 44.4972 40.14406, 44.49721 40.14416, 44.49724 40.14454, 44.49726 40.14464, 44.4974 40.14556, 44.49746 40.14591, 44.49757 40.14664, 44.49765 40.14717, 44.49767 40.14727, 44.49769 40.14742, 44.49811 40.15014, 44.49814 40.15035, 44.49837 40.15183, 44.49845 40.15209, 44.49849 40.15218, 44.4987 40.15214, 44.49887 40.15208, 44.49971 40.15183, 44.49996 40.15177, 44.50229 40.15111, 44.50254 40.15104, 44.50303 40.1509, 44.50339 40.1508, 44.50438 40.15054, 44.50454 40.15051, 44.50526 40.15041, 44.50637 40.15036, 44.50842 40.15029, 44.50913 40.15036, 44.50962 40.15044, 44.50983 40.15048, 44.50989 40.15049, 44.51003 40.15052, 44.51022 40.15055, 44.5103 40.15056, 44.51041 40.15058, 44.51073 40.15064, 44.51131 40.15073, 44.51184 40.15079, 44.5127 40.15079, 44.51397 40.15074, 44.51405 40.15073, 44.51484 40.1507, 44.5161 40.15064, 44.51615 40.15064, 44.51626 40.15063, 44.51844 40.15051, 44.51848 40.15051, 44.51955 40.15045, 44.52048 40.1504, 44.52061 40.15039, 44.52176 40.15033, 44.5225 40.15029, 44.52259 40.15029, 44.52276 40.15028, 44.52276 40.15031, 44.52278 40.15048, 44.5228 40.15076, 44.52294 40.15245)",40.140666,44.497329,40.152447,44.522942,40.143205,44.496832,40.146502,44.49755,40.149842,44.498062,40.151836,44.499705,40.150685,44.503822,40.150302,44.508151,40.15079,44.51247,40.150599,44.516844,40.150358,44.521215
33,3.34,6.68,5.85,87.59,72,"LINESTRING (44.52175 40.17155, 44.52175 40.17167, 44.52175 40.17168, 44.52172 40.17188, 44.52169 40.17215, 44.52163 40.17255, 44.52157 40.17291, 44.52153 40.17315, 44.52146 40.17367, 44.52145 40.1737, 44.52142 40.17381, 44.52163 40.17394, 44.52189 40.17417, 44.52207 40.17433, 44.52229 40.17451, 44.52244 40.17465, 44.52261 40.17484, 44.52274 40.17499, 44.52292 40.17521, 44.52299 40.1753, 44.52308 40.17541, 44.52314 40.17548, 44.52319 40.17555, 44.52334 40.17575, 44.52359 40.17614, 44.52381 40.1765, 44.52395 40.17674, 44.524 40.17682, 44.52411 40.177, 44.52423 40.17726, 44.52433 40.17749, 44.52435 40.17752, 44.52457 40.1781, 44.52474 40.17858, 44.52481 40.1788, 44.52502 40.17862, 44.52685 40.17716, 44.52695 40.17708, 44.52711 40.17699, 44.52727 40.17694, 44.52737 40.17693, 44.52738 40.17707, 44.52742 40.17725, 44.52743 40.17729, 44.52743 40.17736, 44.52745 40.17753, 44.52751 40.17845, 44.52756 40.17929, 44.52758 40.17965, 44.52758 40.17969, 44.52761 40.17997, 44.52761 40.18, 44.52763 40.18037, 44.52765 40.18069, 44.52766 40.18114, 44.52767 40.18119, 44.52769 40.18153, 44.52769 40.18164, 44.52769 40.18194, 44.52766 40.18225, 44.52757 40.1827, 44.52746 40.18315, 44.52738 40.18338, 44.52733 40.18351, 44.52711 40.18405, 44.52706 40.18418, 44.52703 40.18424, 44.52693 40.18445, 44.52672 40.18486, 44.5265 40.1853, 44.52643 40.18542, 44.52626 40.18569, 44.52623 40.18574, 44.52589 40.18623, 44.52554 40.18666, 44.52538 40.18683, 44.52536 40.18686, 44.5249 40.18736, 44.52461 40.18763, 44.52427 40.18793, 44.52412 40.18807, 44.52422 40.18816, 44.52453 40.18844, 44.52505 40.18888, 44.52572 40.18945, 44.52588 40.18959, 44.52642 40.19005, 44.52645 40.19008, 44.52651 40.19013, 44.52654 40.19016, 44.52758 40.19104, 44.52778 40.19122, 44.52788 40.19129, 44.52798 40.19136, 44.52803 40.19134, 44.52807 40.19134, 44.52812 40.19133, 44.52817 40.19133, 44.52822 40.19133, 44.52826 40.19134, 44.52831 40.19136, 44.52835 40.19137, 44.52839 40.19139, 44.52843 40.19142, 44.52846 40.19145, 44.52849 40.19148, 44.52851 40.19151, 44.52853 40.19155, 44.52854 40.19159, 44.52876 40.19162, 44.52898 40.19164, 44.52928 40.19166, 44.53022 40.19172, 44.53037 40.19173, 44.53047 40.19175, 44.53059 40.19178, 44.53077 40.19185, 44.53103 40.19202, 44.53134 40.19221, 44.53157 40.19232)",40.171553,44.521755,40.19232,44.531572,40.174338,44.522086,40.176922,44.524062,40.178047,44.525738,40.178228,44.527493,40.181233,44.52767,40.184182,44.527056,40.186875,44.525341,40.189184,44.525408,40.191336,44.52807
34,3.285,6.57,5.803,88.32,95,"LINESTRING (44.50595 40.17952, 44.50607 40.17962, 44.50677 40.18023, 44.50754 40.18089, 44.50763 40.18096, 44.50768 40.181, 44.50777 40.18094, 44.50791 40.18106, 44.50804 40.18117, 44.50814 40.18125, 44.50888 40.18187, 44.50896 40.18193, 44.50901 40.18198, 44.50952 40.1824, 44.50958 40.18246, 44.51011 40.18288, 44.5111 40.18369, 44.51119 40.18376, 44.51131 40.18387, 44.51228 40.18468, 44.51234 40.18473, 44.51245 40.18482, 44.51302 40.1853, 44.51307 40.18534, 44.51321 40.18546, 44.51337 40.18559, 44.51403 40.18615, 44.51482 40.18681, 44.51485 40.18683, 44.51488 40.18686, 44.51512 40.18706, 44.51519 40.18711, 44.51523 40.18706, 44.51538 40.18688, 44.51542 40.18684, 44.5157 40.18654, 44.51611 40.18606, 44.51694 40.18512, 44.51711 40.18499, 44.51728 40.18485, 44.51763 40.18458, 44.51821 40.18413, 44.51867 40.18378, 44.51882 40.18367, 44.51896 40.18355, 44.519 40.18352, 44.51909 40.18345, 44.51977 40.1829, 44.52067 40.18218, 44.52081 40.18207, 44.52084 40.18204, 44.52096 40.18195, 44.52138 40.18161, 44.52173 40.18133, 44.52211 40.18102, 44.52301 40.1803, 44.52316 40.18018, 44.52348 40.17991, 44.52363 40.17979, 44.52373 40.17971, 44.5239 40.17957, 44.52425 40.17928, 44.52468 40.17891, 44.52476 40.17884, 44.52481 40.1788, 44.52474 40.17858, 44.52457 40.1781, 44.52435 40.17752, 44.52433 40.17749, 44.52423 40.17726, 44.52411 40.177, 44.524 40.17682, 44.52395 40.17674, 44.52381 40.1765, 44.52359 40.17614, 44.52334 40.17575, 44.52319 40.17555, 44.52314 40.17548, 44.52308 40.17541, 44.52299 40.1753, 44.52292 40.17521, 44.52274 40.17499, 44.52261 40.17484, 44.52244 40.17465, 44.52229 40.17451, 44.52207 40.17433, 44.52189 40.17417, 44.52163 40.17394, 44.52142 40.17381, 44.52145 40.1737, 44.52146 40.17367, 44.52153 40.17315, 44.52157 40.17291, 44.52163 40.17255, 44.52169 40.17215, 44.52172 40.17188, 44.52175 40.17168, 44.52175 40.17167, 44.52175 40.17155)",40.179523,44.505952,40.171553,44.521755,40.181586,44.508545,40.183753,44.511174,40.185938,44.513776,40.185978,44.516188,40.183751,44.518706,40.181612,44.521373,40.179464,44.524027,40.176832,44.524011,40.174302,44.522043
35,3.26,6.52,5.78,88.66,83,"LINESTRING (44.52155 40.18609, 44.52142 40.18618, 44.52121 40.18633, 44.52056 40.18677, 44.5205 40.18681, 44.52029 40.18693, 44.51993 40.18714, 44.51977 40.18723, 44.51967 40.18714, 44.51961 40.18709, 44.5195 40.18699, 44.51943 40.18693, 44.51902 40.18658, 44.51886 40.18645, 44.51841 40.18607, 44.51837 40.18604, 44.51835 40.18602, 44.51831 40.18599, 44.51789 40.18564, 44.51738 40.18521, 44.51723 40.18509, 44.5171 40.18522, 44.51628 40.18616, 44.51566 40.18686, 44.51559 40.18693, 44.51555 40.18698, 44.51535 40.18723, 44.51524 40.18737, 44.51498 40.18763, 44.5149 40.18772, 44.51483 40.1878, 44.51445 40.18821, 44.51439 40.18827, 44.51431 40.18835, 44.51425 40.18841, 44.51411 40.18855, 44.5139 40.18881, 44.51341 40.18937, 44.51277 40.19013, 44.5126 40.19031, 44.51248 40.19043, 44.51229 40.19061, 44.51203 40.1908, 44.51171 40.191, 44.51152 40.1911, 44.51138 40.19117, 44.51121 40.19124, 44.51087 40.19136, 44.51051 40.19147, 44.51015 40.19154, 44.50949 40.19163, 44.50809 40.19182, 44.5078 40.19186, 44.50763 40.19187, 44.50747 40.19189, 44.50674 40.19198, 44.50604 40.19207, 44.50548 40.19213, 44.50526 40.19216, 44.5051 40.19218, 44.50505 40.19218, 44.50481 40.19221, 44.50475 40.19222, 44.50451 40.19224, 44.50306 40.19232, 44.50216 40.19236, 44.50118 40.19239, 44.50104 40.1924, 44.50048 40.19247, 44.50005 40.19258, 44.49966 40.19273, 44.49945 40.19284, 44.49912 40.19302, 44.49837 40.19348, 44.49773 40.1939, 44.49758 40.19402, 44.49719 40.19426, 44.49646 40.1947, 44.49577 40.19511, 44.49566 40.19518, 44.49463 40.19583, 44.49477 40.19589, 44.49507 40.19602, 44.49536 40.19615, 44.49589 40.19638, 44.497 40.19683, 44.49711 40.19687, 44.49755 40.19706, 44.49767 40.19711, 44.49791 40.19721, 44.49802 40.19725)",40.186087,44.521553,40.197254,44.498018,40.186367,44.518765,40.186079,44.516351,40.188492,44.514172,40.19086,44.51193,40.191785,44.50836,40.192234,44.504576,40.192434,44.500757,40.194007,44.497592,40.195844,44.494659
36,3.124,6.25,5.659,90.57,69,"LINESTRING (44.55095 40.20412, 44.55089 40.20413, 44.55084 40.20413, 44.55054 40.2042, 44.55051 40.2042, 44.5504 40.20421, 44.55029 40.2042, 44.55008 40.20417, 44.5498 40.20408, 44.5495 40.20396, 44.54736 40.20302, 44.54729 40.20299, 44.54704 40.20288, 44.54672 40.20274, 44.54539 40.20216, 44.54533 40.20214, 44.54512 40.20206, 44.54506 40.20204, 44.54496 40.202, 44.54459 40.20184, 44.54282 40.20107, 44.54268 40.20101, 44.54241 40.20089, 44.54187 40.20066, 44.54158 40.20054, 44.54134 40.20043, 44.54094 40.20026, 44.54092 40.20025, 44.54089 40.20024, 44.54008 40.1999, 44.53869 40.19948, 44.5379 40.19922, 44.53781 40.1992, 44.53773 40.19919, 44.53765 40.19919, 44.53755 40.19923, 44.53745 40.19928, 44.53726 40.19939, 44.53669 40.19971, 44.5352 40.20052, 44.53493 40.20068, 44.53465 40.20083, 44.53299 40.20177, 44.53285 40.20185, 44.53276 40.2019, 44.53268 40.20194, 44.53265 40.20197, 44.53255 40.20202, 44.53239 40.20211, 44.53151 40.20259, 44.53016 40.20335, 44.52929 40.20383, 44.52877 40.20412, 44.52794 40.20458, 44.52787 40.20461, 44.52771 40.20479, 44.52632 40.20555, 44.5263 40.20556, 44.5262 40.20561, 44.5262 40.20559, 44.52619 40.20556, 44.52614 40.2055, 44.52609 40.20545, 44.52607 40.20544, 44.52606 40.20543, 44.52602 40.20543, 44.52596 40.20544, 44.52587 40.20536, 44.52584 40.20533, 44.52515 40.20459, 44.52464 40.20407, 44.52446 40.204, 44.52439 40.20393, 44.52406 40.20358, 44.52374 40.20325, 44.52362 40.20313, 44.5234 40.20288, 44.523 40.20245, 44.52284 40.20229, 44.52278 40.20222, 44.5226 40.20203, 44.52167 40.20104)",40.204121,44.550955,40.201044,44.521668,40.203147,44.547647,40.201776,44.544443,40.200393,44.541246,40.199226,44.537913,40.200706,44.534882,40.202367,44.531919,40.20402,44.528948,40.205465,44.526106,40.203327,44.523814
37,4.062,8.12,6.451,79.41,87,"LINESTRING (44.50763 40.19938, 44.50757 40.19935, 44.50755 40.19935, 44.50673 40.19901, 44.50671 40.19896, 44.50666 40.19891, 44.50646 40.19883, 44.50624 40.19877, 44.50616 40.19876, 44.50612 40.19876, 44.50608 40.19878, 44.50604 40.19881, 44.50592 40.19892, 44.50589 40.19896, 44.50564 40.19926, 44.5056 40.19933, 44.50518 40.19998, 44.50512 40.20005, 44.50507 40.20013, 44.50501 40.20021, 44.50494 40.20031, 44.5044 40.20112, 44.50375 40.20205, 44.5037 40.20212, 44.50366 40.20219, 44.50361 40.20226, 44.50359 40.2023, 44.50356 40.20233, 44.50321 40.20284, 44.50298 40.20319, 44.50233 40.20411, 44.50226 40.2042, 44.50245 40.20428, 44.5029 40.20445, 44.50342 40.20466, 44.50447 40.20508, 44.50552 40.2055, 44.50593 40.20567, 44.50627 40.20581, 44.50714 40.20617, 44.50734 40.20625, 44.5076 40.20636, 44.50819 40.20661, 44.50861 40.20678, 44.50877 40.20684, 44.5089 40.20688, 44.50902 40.20691, 44.50914 40.20693, 44.50932 40.20694, 44.5095 40.20694, 44.51024 40.20691, 44.51029 40.2069, 44.51046 40.20689, 44.51066 40.20688, 44.51083 40.20687, 44.51142 40.20683, 44.51235 40.20678, 44.51348 40.20672, 44.5136 40.20671, 44.51376 40.2067, 44.51381 40.2067, 44.51405 40.20669, 44.51496 40.20663, 44.5151 40.20663, 44.51645 40.20655, 44.51768 40.20649, 44.51891 40.20642, 44.51995 40.20636, 44.52006 40.20635, 44.52023 40.20634, 44.52029 40.20634, 44.52049 40.20633, 44.52073 40.20632, 44.52269 40.20622, 44.52273 40.20622, 44.52281 40.20621, 44.52296 40.2062, 44.52304 40.2062, 44.52348 40.20618, 44.52391 40.20616, 44.52397 40.20615, 44.52444 40.20613, 44.52463 40.20606, 44.52493 40.20602, 44.52501 40.206, 44.52512 40.20595, 44.52554 40.2057, 44.52567 40.20562, 44.52569 40.20558, 44.52596 40.20544, 44.52602 40.20543, 44.52614 40.20536, 44.52755 40.20459, 44.5278 40.20452, 44.52797 40.20442, 44.52868 40.20402, 44.52908 40.2038, 44.5299 40.20334, 44.53007 40.20325, 44.53105 40.20271, 44.53237 40.20197, 44.53246 40.20192, 44.53254 40.20188, 44.53258 40.20185, 44.53267 40.2018, 44.53288 40.20169, 44.53381 40.20117, 44.53484 40.20059, 44.53512 40.20044, 44.53653 40.19967)",40.199378,44.507629,40.199667,44.536533,40.20077,44.504637,40.204003,44.502403,40.205792,44.506229,40.206881,44.510634,40.206611,44.515393,40.206347,44.520154,40.206023,44.524893,40.203959,44.528802,40.201806,44.532661
38,3.95,7.9,6.362,80.52,77,"LINESTRING (44.51285 40.16017, 44.51265 40.16018, 44.51222 40.1602, 44.51211 40.1602, 44.51192 40.16021, 44.51188 40.16008, 44.51177 40.1598, 44.51159 40.15927, 44.51125 40.1583, 44.5111 40.15785, 44.51097 40.15752, 44.51086 40.15718, 44.51069 40.15672, 44.51068 40.1567, 44.51036 40.15586, 44.51033 40.15576, 44.5103 40.15567, 44.51027 40.15558, 44.51019 40.15513, 44.51017 40.1549, 44.51035 40.15489, 44.51035 40.15479, 44.51034 40.15474, 44.51034 40.15461, 44.51031 40.15375, 44.51027 40.15272, 44.51027 40.1518, 44.51025 40.1513, 44.51024 40.15091, 44.51022 40.15067, 44.51022 40.15055, 44.51022 40.15043, 44.51022 40.15036, 44.51022 40.15026, 44.51021 40.1497, 44.51021 40.14956, 44.51019 40.14891, 44.51019 40.14842, 44.51016 40.14753, 44.51015 40.1473, 44.51015 40.14726, 44.51014 40.14669, 44.51012 40.14623, 44.51011 40.14613, 44.51011 40.14597, 44.51011 40.1459, 44.51015 40.14575, 44.51029 40.14525, 44.51049 40.14457, 44.51054 40.14435, 44.51074 40.14368, 44.51076 40.14361, 44.51094 40.14302, 44.51102 40.14274, 44.51107 40.14258, 44.51108 40.14245, 44.51116 40.14244, 44.51159 40.14242, 44.51326 40.14233, 44.51402 40.14229, 44.51458 40.14226, 44.51534 40.14221, 44.51553 40.1422, 44.5157 40.14219, 44.51636 40.14216, 44.51661 40.14214, 44.51669 40.14214, 44.51762 40.14209, 44.51777 40.14208, 44.51793 40.14207, 44.51879 40.14202, 44.51993 40.14196, 44.52054 40.14193, 44.52159 40.14187, 44.52178 40.14186, 44.52193 40.14185, 44.52193 40.14178, 44.5219 40.14139, 44.5214 40.14038, 44.52083 40.13925, 44.52049 40.13858, 44.52022 40.13805, 44.5196 40.13683, 44.51922 40.13608, 44.5191 40.1358, 44.51904 40.13565, 44.51896 40.1348, 44.51893 40.13459, 44.51892 40.13448, 44.51892 40.1344, 44.51887 40.13408, 44.51885 40.13389)",40.160172,44.51285,40.13389,44.518848,40.157464,44.510953,40.154117,44.510324,40.150559,44.51022,40.147001,44.510147,40.143499,44.510795,40.142271,44.514311,40.142015,44.518936,40.140648,44.521531,40.137331,44.519852
