"route_id","length_km","pop_covered","penalty","route_wkt","start_lat","start_lon","end_lat","end_lon","wp1_lat","wp1_lon","wp2_lat","wp2_lon","wp3_lat","wp3_lon","wp4_lat","wp4_lon","wp5_lat","wp5_lon","wp6_lat","wp6_lon","wp7_lat","wp7_lon","wp8_lat","wp8_lon","wp9_lat","wp9_lon"
1,0.585,16,3.3021,"LINESTRING (44.52294 40.15245, 44.52301 40.15318, 44.52304 40.15343, 44.52315 40.15439, 44.52301 40.15441, 44.52264 40.15443, 44.5226 40.15443, 44.52235 40.15445, 44.52153 40.15449, 44.5208 40.15453, 44.52027 40.15456, 44.51983 40.15459, 44.51884 40.15465)",40.152447,44.522942,40.154646,44.51884,40.152972,44.522993,40.153498,44.523045,40.154022,44.523106,40.154409,44.522947,40.154451,44.522263,40.154491,44.521578,40.154528,44.520894,40.154566,44.520209,40.154607,44.519524
2,0.941,24,3.6359,"LINESTRING (44.52654 40.18488, 44.52664 40.18528, 44.52666 40.18556, 44.52668 40.18569, 44.52666 40.1858, 44.52661 40.18589, 44.52652 40.18604, 44.52637 40.18622, 44.52625 40.18639, 44.52616 40.18653, 44.52613 40.18673, 44.52612 40.18687, 44.52616 40.18701, 44.52621 40.18711, 44.52628 40.18722, 44.52638 40.18733, 44.5265 40.18746, 44.52693 40.18792, 44.52711 40.18809, 44.52813 40.18909, 44.52893 40.18995, 44.52935 40.19038, 44.5295 40.19055, 44.52964 40.1907, 44.52998 40.19106, 44.53033 40.19139, 44.5306 40.19161, 44.53069 40.19166, 44.53094 40.19172, 44.53098 40.19171, 44.53108 40.1917, 44.53121 40.19164)",40.184882,44.526536,40.191638,44.531206,40.185721,44.526671,40.186478,44.526191,40.187284,44.526335,40.18797,44.526985,40.188638,44.527667,40.189312,44.528338,40.19,44.528985,40.190688,44.529631,40.191363,44.5303
3,1.011,24,3.7122,"LINESTRING (44.52654 40.18488, 44.52664 40.18528, 44.52666 40.18556, 44.52668 40.18569, 44.52666 40.1858, 44.52661 40.18589, 44.52652 40.18604, 44.52637 40.18622, 44.52625 40.18639, 44.52616 40.18653, 44.52613 40.18673, 44.52612 40.18687, 44.52616 40.18701, 44.52621 40.18711, 44.52628 40.18722, 44.52638 40.18733, 44.5265 40.18746, 44.52693 40.18792, 44.52711 40.18809, 44.52813 40.18909, 44.52893 40.18995, 44.52935 40.19038, 44.5295 40.19055, 44.52964 40.1907, 44.52998 40.19106, 44.53033 40.19139, 44.5306 40.19161, 44.53069 40.19166, 44.5311 40.19194, 44.53143 40.19215, 44.53177 40.1923)",40.184882,44.526536,40.192302,44.531774,40.185783,44.526659,40.186598,44.526149,40.187438,44.526478,40.188168,44.527187,40.188885,44.52792,40.189618,44.528625,40.190356,44.529322,40.191094,44.530017,40.191758,44.530826
4,0.591,12,3.3063,"LINESTRING (44.52381 40.18024, 44.52384 40.18035, 44.52392 40.1807, 44.52406 40.18189, 44.52408 40.18199, 44.52413 40.18211, 44.52418 40.18223, 44.52426 40.18238, 44.52449 40.18258, 44.52463 40.18269, 44.52477 40.18277, 44.5251 40.1829, 44.52539 40.18306, 44.52563 40.18326, 44.5258 40.18349, 44.52608 40.18396, 44.52639 40.18449, 44.52647 40.18467, 44.52653 40.18485, 44.52654 40.18488)",40.180243,44.523809,40.184882,44.526536,40.180767,44.523931,40.181297,44.523994,40.181828,44.524057,40.182339,44.52424,40.182731,44.524702,40.183011,44.525291,40.183408,44.525741,40.183889,44.526039,40.184376,44.526321
5,0.673,13,3.3677,"LINESTRING (44.52368 40.17952, 44.52383 40.17993, 44.52392 40.18034, 44.52392 40.1807, 44.52406 40.18189, 44.52408 40.18199, 44.52413 40.18211, 44.52418 40.18223, 44.52426 40.18238, 44.52449 40.18258, 44.52463 40.18269, 44.52477 40.18277, 44.5251 40.1829, 44.52539 40.18306, 44.52563 40.18326, 44.5258 40.18349, 44.52608 40.18396, 44.52639 40.18449, 44.52647 40.18467, 44.52653 40.18485, 44.52654 40.18488)",40.179524,44.523682,40.184882,44.526536,40.180113,44.523867,40.180715,44.523925,40.181319,44.523997,40.181922,44.524071,40.182473,44.524366,40.182854,44.524971,40.183224,44.525589,40.183756,44.52596,40.184309,44.526282
6,0.89,18,3.5807,"LINESTRING (44.49335 40.19893, 44.49316 40.19851, 44.49307 40.1983, 44.49305 40.19824, 44.49303 40.19817, 44.49303 40.19811, 44.49303 40.19803, 44.49304 40.19798, 44.49304 40.19792, 44.49307 40.19781, 44.49313 40.19756, 44.49317 40.19743, 44.49338 40.19691, 44.49344 40.19676, 44.49349 40.19667, 44.49373 40.19639, 44.49393 40.19619, 44.49414 40.19603, 44.49433 40.19588, 44.49458 40.19572, 44.49502 40.19544, 44.49554 40.19511, 44.49568 40.19503, 44.49731 40.194, 44.49832 40.19337, 44.49902 40.19293)",40.198927,44.493348,40.192932,44.49902,40.198164,44.493032,40.197374,44.49319,40.196619,44.493532,40.195993,44.49418,40.195472,44.494975,40.194962,44.495781,40.194454,44.49659,40.193945,44.497399,40.193439,44.498209
7,0.971,21,3.668,"LINESTRING (44.52598 40.19244, 44.52604 40.19239, 44.52611 40.19238, 44.52615 40.1924, 44.52616 40.19244, 44.52614 40.19255, 44.52614 40.19275, 44.52626 40.19246, 44.5264 40.19236, 44.52661 40.19224, 44.52677 40.19216, 44.52687 40.19213, 44.52711 40.19204, 44.52728 40.19201, 44.52744 40.19202, 44.52768 40.19209, 44.52791 40.19217, 44.5281 40.1922, 44.52819 40.1922, 44.52831 40.19218, 44.52841 40.19214, 44.5285 40.19208, 44.52857 40.19203, 44.52873 40.19191, 44.52887 40.19181, 44.5291 40.19173, 44.52864 40.19176, 44.52849 40.19178, 44.52852 40.19173, 44.52854 40.19163, 44.52854 40.19159, 44.52876 40.19162, 44.52898 40.19164, 44.52928 40.19166, 44.53022 40.19172, 44.53037 40.19173, 44.53047 40.19175, 44.53059 40.19178, 44.53077 40.19185, 44.53103 40.19202, 44.53134 40.19221, 44.53157 40.19232, 44.53189 40.19242, 44.53214 40.19244, 44.53177 40.1923, 44.53143 40.19215, 44.5311 40.19194, 44.53069 40.19166, 44.53094 40.19172, 44.53098 40.19171, 44.53108 40.1917, 44.53121 40.19164)",40.192437,44.525981,40.191638,44.531206,40.192414,44.526324,40.19201,44.527315,40.192144,44.528398,40.191749,44.528849,40.191643,44.529048,40.191719,44.530185,40.192106,44.531175,40.192425,44.532094,40.191963,44.531131
8,0.667,10,3.3631,"LINESTRING (44.46744 40.14069, 44.46738 40.14064, 44.46748 40.14056, 44.46757 40.14049, 44.46776 40.14035, 44.46793 40.14021, 44.46813 40.14006, 44.46842 40.13983, 44.46886 40.13948, 44.46958 40.13893, 44.47043 40.13828, 44.47105 40.1378, 44.47156 40.13741, 44.4726 40.13661, 44.47284 40.13642)",40.140686,44.467439,40.136425,44.47284,40.140259,44.467869,40.13983,44.468418,40.139402,44.468968,40.138977,44.469521,40.138552,44.470074,40.138126,44.470627,40.137701,44.471181,40.137276,44.471734,40.13685,44.472287
9,0.643,17,3.3438,"LINESTRING (44.52167 40.20104, 44.5226 40.20203, 44.52278 40.20222, 44.52284 40.20229, 44.523 40.20245, 44.5234 40.20288, 44.52362 40.20313, 44.52374 40.20325, 44.52406 40.20358, 44.52439 40.20393, 44.52446 40.204, 44.52464 40.20407, 44.52515 40.20459, 44.52584 40.20533, 44.52587 40.20536, 44.52596 40.20544, 44.52602 40.20543, 44.52606 40.20543, 44.52607 40.20544, 44.52609 40.20545, 44.52614 40.2055, 44.52619 40.20556, 44.5262 40.20559, 44.5262 40.20561)",40.201044,44.521668,40.20561,44.526204,40.201513,44.522111,40.201983,44.522555,40.202453,44.522997,40.202924,44.523437,40.203394,44.523878,40.203861,44.524326,40.204274,44.524838,40.20474,44.525288,40.205211,44.525728
10,0.579,7,3.2983,"LINESTRING (44.56528 40.18829, 44.56547 40.1884, 44.56552 40.18842, 44.56562 40.18846, 44.56572 40.1885, 44.56581 40.18852, 44.56603 40.18858, 44.56614 40.18859, 44.56624 40.1886, 44.56634 40.18859, 44.56642 40.18859, 44.56664 40.18856, 44.56695 40.18847, 44.56716 40.18841, 44.56727 40.18842, 44.56739 40.18844, 44.56759 40.18848, 44.56753 40.18843, 44.56751 40.18838, 44.56751 40.18834, 44.56752 40.18827, 44.56756 40.18821, 44.5676 40.18815, 44.56772 40.18805, 44.56784 40.18795, 44.56894 40.18701, 44.5702 40.18597)",40.188285,44.565278,40.18597,44.570202,40.188539,44.565866,40.188573,44.566534,40.188412,44.567177,40.188307,44.567512,40.187896,44.567911,40.187508,44.568365,40.18712,44.568819,40.186736,44.569279,40.186353,44.56974
11,0.807,18,3.4943,"LINESTRING (44.52598 40.19244, 44.52604 40.19239, 44.52611 40.19238, 44.52615 40.1924, 44.52616 40.19244, 44.52614 40.19255, 44.52614 40.19275, 44.52626 40.19246, 44.5264 40.19236, 44.52661 40.19224, 44.52677 40.19216, 44.52687 40.19213, 44.52711 40.19204, 44.52728 40.19201, 44.52744 40.19202, 44.52768 40.19209, 44.52791 40.19217, 44.5281 40.1922, 44.52819 40.1922, 44.52831 40.19218, 44.52841 40.19214, 44.5285 40.19208, 44.52857 40.19203, 44.52873 40.19191, 44.52887 40.19181, 44.5291 40.19173, 44.52864 40.19176, 44.52849 40.19178, 44.52852 40.19173, 44.52854 40.19163, 44.52854 40.19159, 44.52876 40.19162, 44.52898 40.19164, 44.52928 40.19166, 44.53022 40.19172, 44.53037 40.19173, 44.53047 40.19175, 44.53059 40.19178, 44.53077 40.19185, 44.53103 40.19202, 44.53134 40.19221, 44.53157 40.19232, 44.53189 40.19242, 44.53214 40.19244, 44.53177 40.1923)",40.192437,44.525981,40.192302,44.531774,40.192538,44.526229,40.1921,44.526953,40.192148,44.527844,40.191955,44.528674,40.19176,44.528671,40.191642,44.529035,40.191705,44.529979,40.191914,44.530865,40.192338,44.531631
12,1.032,27,3.7349,"LINESTRING (44.46443 40.19076, 44.46427 40.19074, 44.46376 40.19071, 44.46321 40.19067, 44.4629 40.19064, 44.46286 40.19064, 44.46283 40.19064, 44.46254 40.1906, 44.46246 40.19059, 44.46231 40.19056, 44.46229 40.19064, 44.46223 40.1906, 44.46215 40.19053, 44.46211 40.19047, 44.46207 40.1904, 44.462 40.19025, 44.46198 40.19018, 44.46191 40.18947, 44.46186 40.1889, 44.46183 40.18856, 44.46181 40.18825, 44.46178 40.18792, 44.46176 40.18762, 44.46172 40.18729, 44.46171 40.18718, 44.46165 40.18645, 44.46164 40.18638, 44.46161 40.18625, 44.46152 40.18596, 44.46143 40.18568, 44.46139 40.18555, 44.46137 40.18549, 44.46116 40.18487, 44.46077 40.18368, 44.46066 40.18336, 44.46062 40.18324)",40.190755,44.464432,40.183237,44.460624,40.190668,44.463226,40.190539,44.462166,40.18964,44.46193,40.188713,44.461843,40.187785,44.461771,40.186858,44.461684,40.185941,44.461515,40.185039,44.46122,40.184138,44.460922
13,0.555,12,3.2849,"LINESTRING (44.46252 40.21007, 44.46252 40.21006, 44.46248 40.20987, 44.46245 40.2097, 44.46241 40.20954, 44.4624 40.2095, 44.46237 40.20939, 44.46233 40.20929, 44.46228 40.20924, 44.46225 40.20923, 44.46222 40.20921, 44.46219 40.20918, 44.46216 40.20914, 44.46216 40.2091, 44.46216 40.20905, 44.46219 40.20902, 44.4622 40.20899, 44.46223 40.20898, 44.46228 40.20888, 44.46229 40.20883, 44.46229 40.20874, 44.46218 40.20822, 44.46211 40.20789, 44.46201 40.20751, 44.46197 40.20731, 44.46192 40.20708, 44.4619 40.20699, 44.46182 40.20663, 44.46153 40.20536, 44.46152 40.20521)",40.210073,44.46252,40.205214,44.461518,40.209579,44.462419,40.209139,44.462166,40.208664,44.462278,40.208171,44.462174,40.207679,44.462058,40.207187,44.46194,40.206694,44.46183,40.206201,44.461719,40.205708,44.461608
14,0.618,9,3.3244,"LINESTRING (44.56709 40.19056, 44.56709 40.19053, 44.56708 40.19051, 44.56708 40.19048, 44.56709 40.19045, 44.56736 40.18993, 44.56779 40.18896, 44.56781 40.18889, 44.56783 40.18883, 44.56782 40.18874, 44.56779 40.18867, 44.56775 40.18861, 44.56769 40.18854, 44.56766 40.18852, 44.56759 40.18848, 44.56753 40.18843, 44.56751 40.18838, 44.56751 40.18834, 44.56752 40.18827, 44.56756 40.18821, 44.5676 40.18815, 44.56772 40.18805, 44.56784 40.18795, 44.56894 40.18701, 44.5702 40.18597)",40.190559,44.567091,40.18597,44.570202,40.190037,44.567308,40.189512,44.567549,40.188985,44.567781,40.188491,44.567609,40.188023,44.567754,40.187613,44.568243,40.187198,44.568728,40.186787,44.569217,40.186379,44.569709
15,0.956,24,3.6518,"LINESTRING (44.51499 40.16005, 44.51448 40.1601, 44.51384 40.16013, 44.51351 40.16014, 44.51317 40.16016, 44.51311 40.16016, 44.51285 40.16017, 44.51265 40.16018, 44.51222 40.1602, 44.51211 40.1602, 44.51192 40.16021, 44.51196 40.16033, 44.51216 40.16085, 44.51235 40.16136, 44.51257 40.16192, 44.51272 40.16234, 44.51275 40.16244, 44.51276 40.16249, 44.51279 40.16268, 44.51282 40.16289, 44.51284 40.16313, 44.51248 40.16315, 44.51197 40.16317, 44.51142 40.16318, 44.51024 40.16319, 44.51018 40.16319, 44.50988 40.1632, 44.50946 40.1632, 44.50863 40.16321)",40.160046,44.51499,40.163212,44.508627,40.160125,44.513874,40.160176,44.512753,40.160422,44.511997,40.16125,44.51231,40.162076,44.512625,40.162921,44.512825,40.163165,44.511994,40.163185,44.510872,40.163199,44.509749
16,0.773,20,3.4603,"LINESTRING (44.51285 40.16017, 44.51265 40.16018, 44.51222 40.1602, 44.51211 40.1602, 44.51192 40.16021, 44.51196 40.16033, 44.51216 40.16085, 44.51235 40.16136, 44.51257 40.16192, 44.51272 40.16234, 44.51275 40.16244, 44.51276 40.16249, 44.51279 40.16268, 44.51282 40.16289, 44.51284 40.16313, 44.51248 40.16315, 44.51197 40.16317, 44.51142 40.16318, 44.51024 40.16319, 44.51018 40.16319, 44.50988 40.1632, 44.50946 40.1632, 44.50863 40.16321)",40.160172,44.51285,40.163212,44.508627,40.160209,44.511943,40.160862,44.512163,40.16153,44.512417,40.162199,44.512671,40.162884,44.512822,40.163158,44.512257,40.163179,44.51135,40.16319,44.510442,40.163202,44.509535
17,0.699,10,3.3911,"LINESTRING (44.47856 40.1927, 44.47856 40.19259, 44.47856 40.19257, 44.47856 40.1925, 44.47856 40.19243, 44.47857 40.19237, 44.47858 40.19228, 44.4786 40.19214, 44.47864 40.19198, 44.47874 40.19172, 44.47885 40.19151, 44.47895 40.19137, 44.47906 40.19125, 44.47936 40.19095, 44.47941 40.19089, 44.47956 40.19074, 44.47976 40.19054, 44.47994 40.19038, 44.48009 40.19024, 44.48011 40.19023, 44.48014 40.19023, 44.48017 40.19023, 44.48019 40.19023, 44.48027 40.19025, 44.48029 40.19026, 44.48119 40.1908, 44.48372 40.19229)",40.192703,44.478563,40.192291,44.483719,40.192076,44.478618,40.191478,44.47887,40.190964,44.479344,40.190464,44.479844,40.190365,44.480467,40.190753,44.481115,40.191137,44.481766,40.191522,44.482417,40.191906,44.483068
18,0.944,23,3.6383,"LINESTRING (44.51772 40.17386, 44.51766 40.17384, 44.51749 40.1738, 44.517 40.1737, 44.5168 40.17367, 44.51658 40.17363, 44.51646 40.17361, 44.51611 40.17356, 44.51608 40.17356, 44.51601 40.17354, 44.51548 40.17347, 44.51514 40.17344, 44.51492 40.17343, 44.51417 40.17342, 44.51386 40.17337, 44.51365 40.17333, 44.51347 40.17328, 44.51315 40.17315, 44.51161 40.17246, 44.51146 40.1724, 44.51112 40.17225, 44.5108 40.17211, 44.5105 40.17199, 44.51024 40.17187, 44.50996 40.17175, 44.50988 40.17172, 44.50939 40.17151, 44.50912 40.17139, 44.50899 40.17134, 44.50895 40.17132, 44.50872 40.17118, 44.50852 40.17101, 44.50833 40.17085, 44.50829 40.17107, 44.50826 40.1712, 44.50816 40.17134)",40.173856,44.517722,40.171338,44.508158,40.17364,44.516651,40.173482,44.515563,40.17342,44.514459,40.173241,44.513389,40.172823,44.512424,40.172398,44.511464,40.171984,44.510497,40.171569,44.509529,40.171097,44.508617
19,1.631,72,4.3935,"LINESTRING (44.50896 40.18193, 44.50888 40.18187, 44.50814 40.18125, 44.50804 40.18117, 44.50791 40.18106, 44.50777 40.18094, 44.50771 40.18089, 44.50783 40.1808, 44.50839 40.18042, 44.50869 40.18021, 44.50892 40.18005, 44.509 40.18, 44.50908 40.17994, 44.50914 40.1799, 44.50952 40.17964, 44.50965 40.17955, 44.50993 40.17936, 44.51005 40.17927, 44.50997 40.17921, 44.50927 40.17868, 44.5089 40.17841, 44.50887 40.17838, 44.50858 40.17816, 44.50852 40.17811, 44.50804 40.17775, 44.50777 40.17754, 44.50773 40.17751, 44.50765 40.17746, 44.50757 40.17742, 44.5075 40.17738, 44.50745 40.17736, 44.50691 40.17709, 44.50687 40.17707, 44.50681 40.17705, 44.50555 40.17644, 44.50544 40.17638, 44.50505 40.17619, 44.50469 40.17601, 44.50457 40.17596, 44.50445 40.17589, 44.5045 40.17582, 44.50501 40.17523, 44.50519 40.17502, 44.50522 40.17497, 44.50536 40.17481, 44.50559 40.17452, 44.5056 40.1745, 44.50574 40.17432, 44.50591 40.17413, 44.50618 40.17381, 44.50625 40.17372, 44.50634 40.17361, 44.50665 40.17322, 44.50692 40.17288, 44.50716 40.17258, 44.50757 40.17208, 44.50781 40.17178, 44.50803 40.17149, 44.50811 40.17139, 44.50816 40.17134)",40.181932,44.508956,40.171338,44.508158,40.180853,44.507766,40.179867,44.509187,40.178866,44.509515,40.177833,44.508151,40.176955,44.506627,40.17617,44.505008,40.175084,44.505129,40.17384,44.506148,40.17259,44.507155
20,1.046,41,3.7513,"LINESTRING (44.50178 40.1793, 44.50168 40.17924, 44.50174 40.17917, 44.50177 40.17913, 44.50237 40.17841, 44.5024 40.17837, 44.50284 40.17785, 44.50309 40.17753, 44.50312 40.1775, 44.50331 40.17727, 44.50337 40.17721, 44.50346 40.1771, 44.5035 40.17704, 44.50373 40.17679, 44.50395 40.1765, 44.50439 40.17596, 44.50445 40.17589, 44.5045 40.17582, 44.50501 40.17523, 44.50519 40.17502, 44.50522 40.17497, 44.50536 40.17481, 44.50559 40.17452, 44.5056 40.1745, 44.50574 40.17432, 44.50591 40.17413, 44.50618 40.17381, 44.50625 40.17372, 44.50634 40.17361, 44.50665 40.17322, 44.50692 40.17288, 44.50716 40.17258, 44.50757 40.17208, 44.50781 40.17178, 44.50803 40.17149, 44.50811 40.17139, 44.50816 40.17134)",40.179301,44.501776,40.171338,44.508158,40.178522,44.502275,40.177725,44.502932,40.176933,44.503598,40.176135,44.504251,40.17534,44.504913,40.174544,44.505571,40.173746,44.506225,40.172944,44.50687,40.172142,44.507516
21,0.825,30,3.5129,"LINESTRING (44.50322 40.17761, 44.50336 40.17744, 44.50344 40.17736, 44.50364 40.17709, 44.50366 40.17706, 44.50397 40.17669, 44.5043 40.17628, 44.50451 40.17603, 44.50457 40.17596, 44.50445 40.17589, 44.5045 40.17582, 44.50501 40.17523, 44.50519 40.17502, 44.50522 40.17497, 44.50536 40.17481, 44.50559 40.17452, 44.5056 40.1745, 44.50574 40.17432, 44.50591 40.17413, 44.50618 40.17381, 44.50625 40.17372, 44.50634 40.17361, 44.50665 40.17322, 44.50692 40.17288, 44.50716 40.17258, 44.50757 40.17208, 44.50781 40.17178, 44.50803 40.17149, 44.50811 40.17139, 44.50816 40.17134)",40.177608,44.503218,40.171338,44.508158,40.176978,44.503732,40.176347,44.504243,40.175753,44.504565,40.175129,44.505092,40.174499,44.505607,40.17387,44.506123,40.173238,44.506634,40.172605,44.507143,40.171972,44.507651
22,0.914,19,3.6065,"LINESTRING (44.52381 40.18024, 44.52347 40.17958, 44.52334 40.1792, 44.52313 40.17875, 44.52291 40.17835, 44.52283 40.17817, 44.52275 40.17803, 44.52251 40.17757, 44.52241 40.17743, 44.52208 40.17692, 44.52179 40.17654, 44.52174 40.17647, 44.5215 40.17619, 44.52135 40.17604, 44.52102 40.17571, 44.52091 40.17561, 44.52073 40.17545, 44.52067 40.1754, 44.52061 40.17534, 44.52026 40.17504, 44.52014 40.17496, 44.51999 40.17486, 44.51947 40.17451, 44.5192 40.17436, 44.51888 40.17422, 44.51852 40.17409, 44.51819 40.17398, 44.51772 40.17386)",40.180243,44.523809,40.173856,44.517722,40.179472,44.523433,40.178691,44.523094,40.177927,44.522695,40.177178,44.522249,40.176458,44.521729,40.175791,44.521101,40.175165,44.520403,40.174607,44.519615,40.174161,44.518718
23,0.945,30,3.6398,"LINESTRING (44.50896 40.18193, 44.50901 40.18198, 44.50952 40.1824, 44.50958 40.18246, 44.51011 40.18288, 44.5111 40.18369, 44.51119 40.18376, 44.51131 40.18387, 44.51228 40.18468, 44.51234 40.18473, 44.51245 40.18482, 44.51302 40.1853, 44.51307 40.18534, 44.51321 40.18546, 44.51337 40.18559, 44.51403 40.18615, 44.51482 40.18681, 44.51485 40.18683, 44.51488 40.18686, 44.51512 40.18706, 44.51519 40.18711, 44.51535 40.18723, 44.51555 40.18698, 44.51559 40.18693, 44.51566 40.18686, 44.51628 40.18616)",40.181932,44.508956,40.186156,44.516283,40.182557,44.509709,40.183174,44.510474,40.183798,44.511229,40.184427,44.511978,40.185055,44.512727,40.185683,44.513476,40.186312,44.514224,40.186938,44.514976,40.18686,44.515659
24,1.257,43,3.9854,"LINESTRING (44.50896 40.18193, 44.50901 40.18198, 44.50952 40.1824, 44.50958 40.18246, 44.51011 40.18288, 44.5111 40.18369, 44.51119 40.18376, 44.51131 40.18387, 44.51228 40.18468, 44.51234 40.18473, 44.51245 40.18482, 44.51302 40.1853, 44.51307 40.18534, 44.51321 40.18546, 44.51337 40.18559, 44.51403 40.18615, 44.51482 40.18681, 44.51485 40.18683, 44.51488 40.18686, 44.51512 40.18706, 44.51519 40.18711, 44.51523 40.18706, 44.51538 40.18688, 44.51542 40.18684, 44.5157 40.18654, 44.51611 40.18606, 44.51694 40.18512, 44.51711 40.18499, 44.51699 40.18488, 44.51646 40.18444, 44.5163 40.18429, 44.51616 40.18417, 44.51581 40.18387, 44.51571 40.18379, 44.51564 40.18373)",40.181932,44.508956,40.183726,44.515642,40.182759,44.509965,40.183586,44.510973,40.184421,44.51197,40.185257,44.512967,40.186094,44.513961,40.186926,44.514962,40.18638,44.515836,40.18544,44.51666,40.184572,44.516623
25,1.464,70,4.2134,"LINESTRING (44.50896 40.18193, 44.50888 40.18187, 44.50814 40.18125, 44.50804 40.18117, 44.50791 40.18106, 44.50777 40.18094, 44.50771 40.18089, 44.50783 40.1808, 44.50839 40.18042, 44.50869 40.18021, 44.50892 40.18005, 44.509 40.18, 44.50908 40.17994, 44.50914 40.1799, 44.50952 40.17964, 44.50965 40.17955, 44.50993 40.17936, 44.51005 40.17927, 44.50997 40.17921, 44.50927 40.17868, 44.5089 40.17841, 44.50887 40.17838, 44.50858 40.17816, 44.50852 40.17811, 44.50804 40.17775, 44.50777 40.17754, 44.50773 40.17751, 44.50765 40.17746, 44.50757 40.17742, 44.5075 40.17738, 44.50745 40.17736, 44.50691 40.17709, 44.50687 40.17707, 44.50681 40.17705, 44.50555 40.17644, 44.50544 40.17638, 44.50505 40.17619, 44.50469 40.17601, 44.50457 40.17596, 44.50451 40.17603, 44.5043 40.17628, 44.50397 40.17669, 44.50366 40.17706, 44.50364 40.17709, 44.50344 40.17736, 44.50336 40.17744, 44.50322 40.17761, 44.50289 40.17798, 44.5026 40.17833, 44.50252 40.17843, 44.5025 40.17846, 44.50192 40.17915, 44.50188 40.17918, 44.50178 40.1793)",40.181932,44.508956,40.179301,44.501776,40.180962,44.507791,40.180068,44.508895,40.179184,44.509933,40.178258,44.508709,40.177359,44.507456,40.176654,44.506003,40.175972,44.504559,40.177088,44.503643,40.178197,44.502715
26,1.267,60,3.9968,"LINESTRING (44.50896 40.18193, 44.50888 40.18187, 44.50814 40.18125, 44.50804 40.18117, 44.50791 40.18106, 44.50777 40.18094, 44.50771 40.18089, 44.50783 40.1808, 44.50839 40.18042, 44.50869 40.18021, 44.50892 40.18005, 44.509 40.18, 44.50908 40.17994, 44.50914 40.1799, 44.50952 40.17964, 44.50965 40.17955, 44.50993 40.17936, 44.51005 40.17927, 44.50997 40.17921, 44.50927 40.17868, 44.5089 40.17841, 44.50887 40.17838, 44.50858 40.17816, 44.50852 40.17811, 44.50804 40.17775, 44.50777 40.17754, 44.50773 40.17751, 44.50765 40.17746, 44.50757 40.17742, 44.5075 40.17738, 44.50745 40.17736, 44.50691 40.17709, 44.50687 40.17707, 44.50681 40.17705, 44.50555 40.17644, 44.50544 40.17638, 44.50505 40.17619, 44.50469 40.17601, 44.50457 40.17596, 44.50445 40.17589, 44.5045 40.17582, 44.50501 40.17523, 44.50519 40.17502, 44.50522 40.17497, 44.50536 40.17481, 44.50559 40.17452, 44.5056 40.1745, 44.50574 40.17432, 44.50591 40.17413)",40.181932,44.508956,40.174126,44.505907,40.181091,44.507949,40.180305,44.508551,40.179542,44.509659,40.178754,44.509369,40.177953,44.508309,40.177222,44.507176,40.176612,44.505917,40.176,44.504661,40.175095,44.50512
27,1.239,60,3.9659,"LINESTRING (44.50896 40.18193, 44.50888 40.18187, 44.50814 40.18125, 44.50804 40.18117, 44.50791 40.18106, 44.50777 40.18094, 44.50771 40.18089, 44.50783 40.1808, 44.50839 40.18042, 44.50869 40.18021, 44.50892 40.18005, 44.509 40.18, 44.50908 40.17994, 44.50914 40.1799, 44.50952 40.17964, 44.50965 40.17955, 44.50993 40.17936, 44.51005 40.17927, 44.50997 40.17921, 44.50927 40.17868, 44.5089 40.17841, 44.50887 40.17838, 44.50858 40.17816, 44.50852 40.17811, 44.50804 40.17775, 44.50777 40.17754, 44.50773 40.17751, 44.50765 40.17746, 44.50757 40.17742, 44.5075 40.17738, 44.50745 40.17736, 44.50691 40.17709, 44.50687 40.17707, 44.50681 40.17705, 44.50555 40.17644, 44.50544 40.17638, 44.50505 40.17619, 44.50469 40.17601, 44.50457 40.17596, 44.50451 40.17603, 44.5043 40.17628, 44.50397 40.17669, 44.50366 40.17706, 44.50364 40.17709, 44.50344 40.17736, 44.50336 40.17744, 44.50322 40.17761)",40.181932,44.508956,40.177608,44.503218,40.181109,44.507972,40.180339,44.508503,40.179593,44.509586,40.178825,44.509462,40.178041,44.508425,40.177302,44.507341,40.176706,44.50611,40.176108,44.504881,40.176661,44.503988
28,0.662,28,3.3592,"LINESTRING (44.51628 40.18616, 44.5171 40.18522, 44.51723 40.18509, 44.51738 40.18521, 44.51789 40.18564, 44.51831 40.18599, 44.51835 40.18602, 44.51837 40.18604, 44.51841 40.18607, 44.51886 40.18645, 44.51902 40.18658, 44.51943 40.18693, 44.5195 40.18699, 44.51961 40.18709, 44.51967 40.18714, 44.51977 40.18723, 44.51993 40.18714, 44.52029 40.18693, 44.5205 40.18681, 44.52056 40.18677, 44.52121 40.18633, 44.52142 40.18618, 44.52155 40.18609)",40.186156,44.516283,40.186087,44.521553,40.185662,44.516718,40.185169,44.517156,40.185453,44.517672,40.185893,44.518197,40.186333,44.518724,40.186775,44.519246,40.187219,44.519765,40.186876,44.520386,40.186489,44.520979
29,1.325,46,4.0613,"LINESTRING (44.50595 40.17952, 44.50607 40.17962, 44.50677 40.18023, 44.50754 40.18089, 44.50763 40.18096, 44.50768 40.181, 44.50777 40.18094, 44.50791 40.18106, 44.50804 40.18117, 44.50814 40.18125, 44.50888 40.18187, 44.50896 40.18193, 44.50901 40.18198, 44.50952 40.1824, 44.50958 40.18246, 44.51011 40.18288, 44.5111 40.18369, 44.51119 40.18376, 44.51131 40.18387, 44.51228 40.18468, 44.51234 40.18473, 44.51245 40.18482, 44.51302 40.1853, 44.51307 40.18534, 44.51321 40.18546, 44.51337 40.18559, 44.51403 40.18615, 44.51482 40.18681, 44.51485 40.18683, 44.51488 40.18686, 44.51512 40.18706, 44.51519 40.18711, 44.51535 40.18723, 44.51555 40.18698, 44.51559 40.18693, 44.51566 40.18686, 44.51628 40.18616)",40.179523,44.505952,40.186156,44.516283,40.180413,44.50699,40.181166,44.508041,40.182046,44.509092,40.182915,44.510161,40.18379,44.511219,40.184672,44.51227,40.185553,44.51332,40.186434,44.514371,40.187148,44.515418
30,0.738,19,3.4269,"LINESTRING (44.48372 40.19229, 44.48396 40.19242, 44.48421 40.19255, 44.48444 40.19269, 44.48471 40.19285, 44.48488 40.19295, 44.48508 40.19306, 44.48551 40.19332, 44.4856 40.19338, 44.4866 40.19396, 44.48731 40.19437, 44.48755 40.1945, 44.4877 40.1946, 44.48872 40.1952, 44.48893 40.19532, 44.48952 40.19571, 44.49058 40.19635)",40.192291,44.483719,40.196354,44.490585,40.192677,44.484425,40.193084,44.485112,40.193492,44.485796,40.193894,44.486488,40.194297,44.487178,40.194695,44.487873,40.195101,44.48856,40.195519,44.489234,40.195941,44.489904
31,0.638,16,3.3396,"LINESTRING (44.52167 40.20104, 44.5226 40.20203, 44.52278 40.20222, 44.52284 40.20229, 44.523 40.20245, 44.5234 40.20288, 44.52362 40.20313, 44.52374 40.20325, 44.52406 40.20358, 44.52439 40.20393, 44.52446 40.204, 44.52464 40.20407, 44.52515 40.20459, 44.52584 40.20533, 44.52587 40.20536, 44.52596 40.20544, 44.52602 40.20543, 44.52606 40.20543, 44.52607 40.20544, 44.52609 40.20545, 44.52614 40.2055, 44.52619 40.20556)",40.201044,44.521668,40.205562,44.526195,40.201509,44.522108,40.201975,44.522548,40.202441,44.522986,40.202908,44.523423,40.203375,44.52386,40.203838,44.524303,40.204247,44.524812,40.204708,44.525259,40.205175,44.525695
32,0.722,32,3.4113,"LINESTRING (44.51564 40.18373, 44.51571 40.18379, 44.51581 40.18387, 44.51616 40.18417, 44.5163 40.18429, 44.51646 40.18444, 44.51699 40.18488, 44.51711 40.18499, 44.51723 40.18509, 44.51738 40.18521, 44.51789 40.18564, 44.51831 40.18599, 44.51835 40.18602, 44.51837 40.18604, 44.51841 40.18607, 44.51886 40.18645, 44.51902 40.18658, 44.51943 40.18693, 44.5195 40.18699, 44.51961 40.18709, 44.51967 40.18714, 44.51977 40.18723, 44.51993 40.18714, 44.52029 40.18693, 44.5205 40.18681, 44.52056 40.18677, 44.52121 40.18633, 44.52142 40.18618, 44.52155 40.18609)",40.183726,44.515642,40.186087,44.521553,40.184213,44.516203,40.184697,44.51677,40.185177,44.517341,40.185656,44.517914,40.186136,44.518487,40.186615,44.519059,40.187099,44.519626,40.18694,44.520275,40.186525,44.520926
33,1.532,70,4.2873,"LINESTRING (44.50595 40.17952, 44.50607 40.17962, 44.50677 40.18023, 44.50754 40.18089, 44.50763 40.18096, 44.50771 40.18089, 44.50783 40.1808, 44.50839 40.18042, 44.50869 40.18021, 44.50892 40.18005, 44.509 40.18, 44.50908 40.17994, 44.50914 40.1799, 44.50952 40.17964, 44.50965 40.17955, 44.50993 40.17936, 44.51005 40.17927, 44.50997 40.17921, 44.50927 40.17868, 44.5089 40.17841, 44.50887 40.17838, 44.50858 40.17816, 44.50852 40.17811, 44.50804 40.17775, 44.50777 40.17754, 44.50773 40.17751, 44.50765 40.17746, 44.50757 40.17742, 44.5075 40.17738, 44.50745 40.17736, 44.50691 40.17709, 44.50687 40.17707, 44.50681 40.17705, 44.50555 40.17644, 44.50544 40.17638, 44.50505 40.17619, 44.50469 40.17601, 44.50457 40.17596, 44.50451 40.17603, 44.5043 40.17628, 44.50397 40.17669, 44.50366 40.17706, 44.50364 40.17709, 44.50344 40.17736, 44.50336 40.17744, 44.50322 40.17761, 44.50289 40.17798, 44.5026 40.17833, 44.50252 40.17843, 44.5025 40.17846, 44.50192 40.17915, 44.50188 40.17918, 44.50178 40.1793)",40.179523,44.505952,40.179301,44.501776,40.180552,44.507152,40.180397,44.508418,40.179475,44.509757,40.178518,44.50905,40.177545,44.507773,40.176785,44.506274,40.176046,44.504754,40.176984,44.503728,40.178145,44.502757
34,0.682,30,3.3762,"LINESTRING (44.50178 40.1793, 44.50168 40.17924, 44.50174 40.17917, 44.50177 40.17913, 44.50237 40.17841, 44.5024 40.17837, 44.50284 40.17785, 44.50309 40.17753, 44.50312 40.1775, 44.50331 40.17727, 44.50337 40.17721, 44.50346 40.1771, 44.5035 40.17704, 44.50373 40.17679, 44.50395 40.1765, 44.50439 40.17596, 44.50445 40.17589, 44.5045 40.17582, 44.50501 40.17523, 44.50519 40.17502, 44.50522 40.17497, 44.50536 40.17481, 44.50559 40.17452, 44.5056 40.1745, 44.50574 40.17432, 44.50591 40.17413)",40.179301,44.501776,40.174126,44.505907,40.178799,44.502046,40.17828,44.502476,40.17776,44.502904,40.177244,44.503338,40.176728,44.503773,40.176205,44.504195,40.175685,44.504622,40.175169,44.505058,40.17465,44.505487
35,0.859,16,3.5481,"LINESTRING (44.49733 40.14067, 44.49619 40.14152, 44.49589 40.14174, 44.49582 40.14179, 44.49578 40.14184, 44.49576 40.14187, 44.49569 40.14197, 44.49566 40.14191, 44.49561 40.14186, 44.49554 40.14182, 44.49546 40.14179, 44.49562 40.14174, 44.49571 40.1417, 44.49746 40.14038, 44.49775 40.14017, 44.49855 40.1396, 44.49863 40.13952, 44.49869 40.13943, 44.49905 40.1386, 44.49921 40.13819, 44.49957 40.13731)",40.140666,44.497329,40.137313,44.499571,40.141206,44.496607,40.141745,44.495883,40.141674,44.495737,40.141133,44.496459,40.140593,44.49718,40.140058,44.49791,40.139519,44.498631,40.13879,44.498965,40.138052,44.499268
36,1.106,31,3.8178,"LINESTRING (44.52783 40.18194, 44.52779 40.18226, 44.52776 40.1824, 44.5276 40.18308, 44.52749 40.18341, 44.52723 40.18406, 44.52718 40.1842, 44.52714 40.1843, 44.52686 40.18486, 44.52676 40.18506, 44.5265 40.18559, 44.52637 40.1858, 44.52603 40.18626, 44.52582 40.18655, 44.52564 40.18677, 44.52545 40.18698, 44.52506 40.18739, 44.52503 40.18742, 44.52462 40.18782, 44.52432 40.18807, 44.52422 40.18816, 44.52412 40.18807, 44.52391 40.18789, 44.52305 40.18715, 44.52284 40.18697, 44.52252 40.1867, 44.52186 40.18616, 44.52166 40.18599, 44.52155 40.18609)",40.181944,44.527825,40.186087,44.521553,40.182928,44.527632,40.183891,44.5273,40.184832,44.526872,40.185757,44.526392,40.186628,44.525761,40.18744,44.525008,40.188116,44.524169,40.18737,44.523307,40.186632,44.522433
37,0.721,14,3.4106,"LINESTRING (44.52598 40.19244, 44.52604 40.19239, 44.52611 40.19238, 44.52615 40.1924, 44.52616 40.19244, 44.52614 40.19255, 44.52614 40.19275, 44.52626 40.19246, 44.5264 40.19236, 44.52661 40.19224, 44.52677 40.19216, 44.52687 40.19213, 44.52711 40.19204, 44.52728 40.19201, 44.52744 40.19202, 44.52768 40.19209, 44.52791 40.19217, 44.5281 40.1922, 44.52819 40.1922, 44.52831 40.19218, 44.52841 40.19214, 44.5285 40.19208, 44.52857 40.19203, 44.52873 40.19191, 44.52887 40.19181, 44.5291 40.19173, 44.52864 40.19176, 44.52849 40.19178, 44.52852 40.19173, 44.52854 40.19163, 44.52854 40.19159, 44.52876 40.19162, 44.52898 40.19164, 44.52928 40.19166, 44.53022 40.19172, 44.53037 40.19173, 44.53047 40.19175, 44.53059 40.19178, 44.53077 40.19185, 44.53103 40.19202, 44.53134 40.19221, 44.53157 40.19232)",40.192437,44.525981,40.19232,44.531572,40.192611,44.526196,40.192164,44.526769,40.192056,44.527565,40.192155,44.528368,40.191757,44.529025,40.191662,44.528532,40.191656,44.529274,40.191714,44.530118,40.191933,44.530894
38,1.308,60,4.0416,"LINESTRING (44.50595 40.17952, 44.50607 40.17962, 44.50677 40.18023, 44.50754 40.18089, 44.50763 40.18096, 44.50771 40.18089, 44.50783 40.1808, 44.50839 40.18042, 44.50869 40.18021, 44.50892 40.18005, 44.509 40.18, 44.50908 40.17994, 44.50914 40.1799, 44.50952 40.17964, 44.50965 40.17955, 44.50993 40.17936, 44.51005 40.17927, 44.50997 40.17921, 44.50927 40.17868, 44.5089 40.17841, 44.50887 40.17838, 44.50858 40.17816, 44.50852 40.17811, 44.50804 40.17775, 44.50777 40.17754, 44.50773 40.17751, 44.50765 40.17746, 44.50757 40.17742, 44.5075 40.17738, 44.50745 40.17736, 44.50691 40.17709, 44.50687 40.17707, 44.50681 40.17705, 44.50555 40.17644, 44.50544 40.17638, 44.50505 40.17619, 44.50469 40.17601, 44.50457 40.17596, 44.50451 40.17603, 44.5043 40.17628, 44.50397 40.17669, 44.50366 40.17706, 44.50364 40.17709, 44.50344 40.17736, 44.50336 40.17744, 44.50322 40.17761)",40.179523,44.505952,40.177608,44.503218,40.180401,44.506976,40.180668,44.508026,40.17988,44.509168,40.179085,44.509803,40.178258,44.508709,40.177436,44.50761,40.176804,44.506314,40.176174,44.505016,40.176609,44.50403
